norm,keyword,category,ac_score,ac_depth,ac_matched_prefix,ac_suggestions,ac_rank
주식손실고백,주식 손실 고백,9. 사연·썰·다큐 포맷,0.667,0.67,주식 손실,10,1
미국주식투자실패사연,미국 주식 투자 실패 사연,5. 특정 투자 방식 실패,0.6,0.6,미국 주식 투자,10,2
주식망한썰,주식 망한 썰,9. 사연·썰·다큐 포맷,0.55,1.0,주식 망한 썰,1,3
주식폭락전재산손실,주식 폭락 전재산 손실,6. 큰 하락과 공포,0.5,0.5,주식 폭락,10,4
주식자동매매사기사례,주식 자동매매 사기 사례,4. 사기·추천방 피해,0.5,0.5,주식 자동매매,10,4
주식물타기실패사례,주식 물타기 실패 사례,1. 실제 투자 실패·손실 사연,0.5,0.5,주식 물타기,10,4
주식리딩방법원판결,주식 리딩방 법원 판결,8. 실제 사건·판결·뉴스,0.5,0.5,주식 리딩방,10,4
주식손실실제경험담,주식 손실 실제 경험담,7. 교훈과 예방,0.5,0.5,주식 손실,10,4
주식장기투자실패사례,주식 장기투자 실패 사례,1. 실제 투자 실패·손실 사연,0.5,0.5,주식 장기투자,10,4
주식손실숨긴남편,주식 손실 숨긴 남편,3. 가족 갈등,0.5,0.5,주식 손실,10,4
주식손실이혼판결,주식 손실 이혼 판결,8. 실제 사건·판결·뉴스,0.5,0.5,주식 손실,10,4
주식손실숨긴아내,주식 손실 숨긴 아내,3. 가족 갈등,0.5,0.5,주식 손실,10,4
주식중독실제사례,주식 중독 실제 사례,6. 큰 하락과 공포,0.5,0.5,주식 중독,10,4
레버리지투자실패사연,레버리지 투자 실패 사연,5. 특정 투자 방식 실패,0.5,0.5,레버리지 투자,10,4
주식투자후회사연,주식 투자 후회 사연,1. 실제 투자 실패·손실 사연,0.5,0.5,주식 투자,10,4
주식투자실패다큐멘터리,주식 투자 실패 다큐멘터리,9. 사연·썰·다큐 포맷,0.488,0.75,주식 투자 실패,3,16
주식으로망한사람인터뷰,주식으로 망한 사람 인터뷰,9. 사연·썰·다큐 포맷,0.45,0.75,주식으로 망한 사람,2,17
무료주식리딩방사기,무료 주식 리딩방 사기,4. 사기·추천방 피해,0.45,0.75,무료 주식 리딩방,2,17
은퇴후주식투자실패,은퇴 후 주식 투자 실패,2. 50·60대와 노후자금,0.44,0.8,은퇴 후 주식 투자,1,19
은퇴후주식투자주의사항,은퇴 후 주식 투자 주의사항,7. 교훈과 예방,0.44,0.8,은퇴 후 주식 투자,1,19
주식사연읽어주는,주식 사연 읽어주는,9. 사연·썰·다큐 포맷,0.433,0.67,주식 사연,3,21
50대주식투자실패,50대 주식 투자 실패,2. 50·60대와 노후자금,0.413,0.75,50대 주식 투자,1,22
인버스투자실패사례,인버스 투자 실패 사례,5. 특정 투자 방식 실패,0.413,0.75,인버스 투자 실패,1,22
60대주식투자실패,60대 주식 투자 실패,2. 50·60대와 노후자금,0.413,0.75,60대 주식 투자,1,22
부부주식투자갈등,부부 주식 투자 갈등,3. 가족 갈등,0.413,0.75,부부 주식 투자,1,22
주식리딩방피해사례,주식 리딩방 피해 사례,4. 사기·추천방 피해,0.413,0.75,주식 리딩방 피해,1,22
퇴직금투자실패뉴스,퇴직금 투자 실패 뉴스,8. 실제 사건·판결·뉴스,0.413,0.75,퇴직금 투자 실패,1,22
50대주식투자주의사항,50대 주식 투자 주의사항,7. 교훈과 예방,0.413,0.75,50대 주식 투자,1,22
주식깡통계좌사연,주식 깡통 계좌 사연,6. 큰 하락과 공포,0.413,0.75,주식 깡통 계좌,1,22
노후주식투자후회,노후 주식 투자 후회,2. 50·60대와 노후자금,0.413,0.75,노후 주식 투자,1,22
60대주식투자주의사항,60대 주식 투자 주의사항,7. 교훈과 예방,0.413,0.75,60대 주식 투자,1,22
주식단톡방사기사례,주식 단톡방 사기 사례,4. 사기·추천방 피해,0.413,0.75,주식 단톡방 사기,1,22
주식빚투실패사례,주식 빚투 실패 사례,1. 실제 투자 실패·손실 사연,0.413,0.75,주식 빚투 실패,1,22
주식으로전재산잃은사연,주식으로 전재산 잃은 사연,1. 실제 투자 실패·손실 사연,0.413,0.75,주식으로 전재산 잃은,1,22
주식리딩방사기예방법,주식 리딩방 사기 예방법,7. 교훈과 예방,0.413,0.75,주식 리딩방 사기,1,22
주식실패사연라디오,주식 실패 사연 라디오,9. 사연·썰·다큐 포맷,0.413,0.75,주식 실패 사연,1,22
주식전문가사칭피해사례,주식 전문가 사칭 피해 사례,4. 사기·추천방 피해,0.4,0.4,주식 전문가,10,37
주식투자가족파탄사례,주식 투자 가족 파탄 사례,3. 가족 갈등,0.4,0.4,주식 투자,10,37
주식신용거래실패사연,주식 신용거래 실패 사연,1. 실제 투자 실패·손실 사연,0.4,0.5,주식 신용거래,6,37
주가폭락실제투자자사연,주가 폭락 실제 투자자 사연,6. 큰 하락과 공포,0.4,0.4,주가 폭락,10,37
주식투자사기실제사건,주식 투자 사기 실제 사건,8. 실제 사건·판결·뉴스,0.4,0.4,주식 투자,10,37
가족돈주식으로잃은사례,가족 돈 주식으로 잃은 사례,3. 가족 갈등,0.4,0.4,가족 돈,10,37
주식투자실패실제사례,주식 투자 실패 실제 사례,1. 실제 투자 실패·손실 사연,0.39,0.6,주식 투자 실패,3,43
상장폐지주식피해사례,상장폐지 주식 피해 사례,5. 특정 투자 방식 실패,0.375,0.5,상장폐지 주식,5,44
주식몰빵실패사연,주식 몰빵 실패 사연,1. 실제 투자 실패·손실 사연,0.375,0.5,주식 몰빵,5,44
노후자금투자실수,노후자금 투자 실수,7. 교훈과 예방,0.367,0.67,노후자금 투자,1,46
주식폐인일상,주식 폐인 일상,9. 사연·썰·다큐 포맷,0.367,0.67,주식 폐인,1,46
주식손절못해서손실본사연,주식 손절 못해서 손실 본 사연,1. 실제 투자 실패·손실 사연,0.333,0.33,주식 손절,10,48
주식손실회복하려다더잃은사연,주식 손실 회복하려다 더 잃은 사연,6. 큰 하락과 공포,0.333,0.33,주식 손실,10,48
주식유튜버추천손실사례,주식 유튜버 추천 손실 사례,4. 사기·추천방 피해,0.33,0.6,주식 유튜버 추천,1,50
주식실패후재기사연,주식 실패 후 재기 사연,9. 사연·썰·다큐 포맷,0.33,0.6,주식 실패 후,1,50
대출받아주식투자실패,대출받아 주식 투자 실패,6. 큰 하락과 공포,0.325,0.5,대출받아 주식,3,52
노인주식리딩방피해,노인 주식 리딩방 피해,4. 사기·추천방 피해,0.325,0.5,노인 주식,3,52
주식투자금반환소송,주식 투자금 반환 소송,8. 실제 사건·판결·뉴스,0.3,0.5,주식 투자금,2,54
부모재산주식으로잃은사연,부모 재산 주식으로 잃은 사연,3. 가족 갈등,0.3,0.4,부모 재산,5,54
퇴직금주식투자실제사례,퇴직금 주식투자 실제 사례,2. 50·60대와 노후자금,0.275,0.5,퇴직금 주식투자,1,56
급등주투자실패사연,급등주 투자 실패 사연,5. 특정 투자 방식 실패,0.275,0.5,급등주 투자,1,56
연금주식투자실패사례,연금 주식투자 실패 사례,2. 50·60대와 노후자금,0.275,0.5,연금 주식투자,1,56
고수익주식투자사기,고수익 주식 투자 사기,4. 사기·추천방 피해,0.275,0.5,고수익 주식,1,56
시니어주식투자실패,시니어 주식 투자 실패,2. 50·60대와 노후자금,0.275,0.5,시니어 주식,1,56
투자권유손해배상판결,투자 권유 손해배상 판결,8. 실제 사건·판결·뉴스,0.275,0.5,투자 권유,1,56
동전주투자실패사례,동전주 투자 실패 사례,5. 특정 투자 방식 실패,0.275,0.5,동전주 투자,1,56
개미투자자실패다큐,개미 투자자 실패 다큐,9. 사연·썰·다큐 포맷,0.275,0.5,개미 투자자,1,56
주식초보가돈잃는이유,주식 초보가 돈 잃는 이유,7. 교훈과 예방,0.22,0.4,주식 초보가,1,64
남편몰래주식투자사연,남편 몰래 주식 투자 사연,3. 가족 갈등,0.0,0.0,,0,65
배우자몰래주식판결,배우자 몰래 주식 판결,8. 실제 사건·판결·뉴스,0.0,0.0,,0,65
아내몰래주식투자실패,아내 몰래 주식 투자 실패,3. 가족 갈등,0.0,0.0,,0,65
노후자금주식으로잃은사연,노후자금 주식으로 잃은 사연,2. 50·60대와 노후자금,0.0,0.0,,0,65
반대매매실제사례,반대매매 실제 사례,6. 큰 하락과 공포,0.0,0.0,,0,65
작전주피해실제사례,작전주 피해 실제 사례,5. 특정 투자 방식 실패,0.0,0.0,,0,65
주식투자자가가장후회하는것,주식 투자자가 가장 후회하는 것,7. 교훈과 예방,0.0,0.0,,0,65
하한가투자피해사례,하한가 투자 피해 사례,6. 큰 하락과 공포,0.0,0.0,,0,65
미공개정보주식사건,미공개정보 주식 사건,8. 실제 사건·판결·뉴스,0.0,0.0,,0,65
테마주투자실패사례,테마주 투자 실패 사례,5. 특정 투자 방식 실패,0.0,0.0,,0,65
노후파산주식투자,노후 파산 주식 투자,2. 50·60대와 노후자금,0.0,0.0,,0,65
주식으로이혼한실제사례,주식으로 이혼한 실제 사례,3. 가족 갈등,0.0,0.0,,0,65
관리종목투자실패,관리종목 투자 실패,5. 특정 투자 방식 실패,0.0,0.0,,0,65
미등록투자자문피해사례,미등록 투자자문 피해 사례,4. 사기·추천방 피해,0.0,0.0,,0,65
상장폐지전재산손실,상장폐지 전재산 손실,6. 큰 하락과 공포,0.0,0.0,,0,65
퇴직금투자하면안되는이유,퇴직금 투자하면 안 되는 이유,7. 교훈과 예방,0.0,0.0,,0,65
주가조작피해자실제사례,주가조작 피해자 실제 사례,8. 실제 사건·판결·뉴스,0.0,0.0,,0,65
주식으로퇴직금잃은사연,주식으로 퇴직금 잃은 사연,1. 실제 투자 실패·손실 사연,0.0,0.0,,0,65
은퇴자빚투실제사례,은퇴자 빚투 실제 사례,2. 50·60대와 노후자금,0.0,0.0,,0,65
자녀돈으로주식투자한부모,자녀 돈으로 주식 투자한 부모,3. 가족 갈등,0.0,0.0,,0,65
퇴직금리딩방사기,퇴직금 리딩방 사기,4. 사기·추천방 피해,0.0,0.0,,0,65
해외주식으로돈잃은사례,해외주식으로 돈 잃은 사례,5. 특정 투자 방식 실패,0.0,0.0,,0,65
빚내서주식한사람의결말,빚내서 주식한 사람의 결말,6. 큰 하락과 공포,0.0,0.0,,0,65
주식실패에서얻은교훈,주식 실패에서 얻은 교훈,7. 교훈과 예방,0.0,0.0,,0,65
노후자금투자사기뉴스,노후자금 투자사기 뉴스,8. 실제 사건·판결·뉴스,0.0,0.0,,0,65
주식실화사연,주식 실화 사연,9. 사연·썰·다큐 포맷,0.0,0.0,,0,65
