category,n_keywords,median_opportunity,max_opportunity,sum_ac,median_demand_vpd,mean_small_win,mean_relevant_share,mean_content_gap,best_keyword,perf_videos,success_n,success_rate,median_outlier
7. 교훈과 예방,4,61.7,68.1,1.353,512.5282483988133,0.0625,0.8625,0.13749999999999998,주식 투자자가 가장 후회하는 것,51,19,0.37254901960784315,3.2831176732571787
1. 실제 투자 실패·손실 사연,4,61.0,66.2,1.913,255.95688372400352,0.075,0.9125,0.0875,주식 물타기 실패 사례,28,10,0.35714285714285715,5.051239456675868
6. 큰 하락과 공포,4,60.800000000000004,68.1,1.733,645.2773839089614,0.075,0.85,0.15,주식 폭락 전재산 손실,45,12,0.26666666666666666,2.141994807343197
2. 50·60대와 노후자금,4,59.599999999999994,67.2,1.6789999999999998,440.2721404224351,0.0875,0.85,0.15000000000000002,50대 주식 투자 실패,44,16,0.36363636363636365,2.445879312367584
9. 사연·썰·다큐 포맷,6,51.7,62.1,3.001,256.7050119449195,0.03333333333333333,0.9416666666666665,0.05833333333333335,주식으로 망한 사람 인터뷰,67,16,0.23880597014925373,1.792387328745893
3. 가족 갈등,4,45.15,50.9,1.413,92.43182559534966,0.025,0.75,0.24999999999999997,부부 주식 투자 갈등,47,2,0.0425531914893617,1.0814182534471437
8. 실제 사건·판결·뉴스,3,43.8,56.3,1.4,4.922646304130772,0.08333333333333333,0.8166666666666668,0.18333333333333335,주식 투자 사기 실제 사건,30,0,0.0,1.024781976744186
5. 특정 투자 방식 실패,5,39.5,61.3,1.475,143.0304477275142,0.06,0.9400000000000001,0.06000000000000001,레버리지 투자 실패 사연,61,13,0.21311475409836064,2.3914736657849947
4. 사기·추천방 피해,6,39.05,68.3,2.451,179.84721259641128,0.09166666666666667,0.9166666666666666,0.08333333333333333,주식 자동매매 사기 사례,58,7,0.1206896551724138,1.818346957311535
