cluster,top_terms,n,median_outlier,median_vpd,success_rate,small_success_rate,shorts_share,example_titles,example_ids,cluster_opportunity
2,"레버리지, ETF, 투자, 종목, 이유, 단일",32,10.777423416327867,1128.8405467907373,0.375,0.03125,0.4375,"40초만에 ETF 투자 완벽정리  #etf투자 #etf #채권 #주식 # / 미국 ETF 30초만에 이해하기 / 노후 자금 주식에 올인했다간 큰일 납니다, 은퇴자가 무조건 사서 묻어둬야","Glk3J5ka-AA, X08HjlsEvpo, e3EY2JJMgDw",85.0
4,"노후, 자금, 사연, 준비, 오디오북, 은퇴",38,3.970492969907344,150.41478361049286,0.39473684210526316,0.15789473684210525,0.13157894736842105,"노후자금 사연 주식투자로 280만 원에서 210억 만든 58세 전직 어부 / 노후 자금 10년 묻어두려던 ETF, 결국 단타치다 망하는 치명적인 이유 / ""은퇴 자금, 이렇게만 불리세요"" 5억으로 '평생' 먹고사는 노후 전략 ","Dm9ZPMFkGms, Z_ul2wo7NHs, uYiKAfx04ZU",78.0
7,"투자자, 사연, 주식사연, 실패, 전업, 이유",22,2.965904776368745,306.09776678595153,0.2727272727272727,0.09090909090909091,0.18181818181818182,개인 투자자의 무덤이 된 코스닥…수백만 투자자 폭발한 이유 / 주식 90%의 투자자가 실패하는 냉혹한 진실 / 주식 초보 투자자는 꼭 알아야 할 ‘손절의 법칙’,"-yOHXbtp0HA, a8uDvaT2wiE, 8m9Y3qJgcXo",77.0
0,"폭락, 개미, 사람, 매매, 주가, 자동",104,2.086398631308811,372.31804675805444,0.2692307692307692,0.0673076923076923,0.5288461538461539,"""3억이 0원 됐다"" 주식으로 망하는 사람들의 10가지 특징 / 맞벌이 부부의 월급날루틴 “빠르게 1억 모으기“ / 주식으로 성공한 부자들의 어마어마한 핵심 노하우","5MHq-kzFDu8, -vPbgWEJg_g, iacwbUHyqv4",73.0
6,"손실, 레버리지, 직장인, 개미, KNN, 복구",26,2.039413780756049,584.7699885680988,0.2692307692307692,0.038461538461538464,0.3076923076923077,99% 공감하는 주식 손실이 커질때 멘탈 변화 11단계 #경제 / 대출받아 주식 손실 복구하려다 4억 4천 날렸습니다..  / 📈주식 -50% 손실 복구하는 전문가 전략 (개미 필독) Recover ,"6F-_ZkwD270, lx7M53p6KKs, ybNnSk3fNzQ",69.0
3,"재산, 중독, 분할, 이혼, 정신과, 대상",26,1.340072202166065,222.08387636160722,0.11538461538461539,0.07692307692307693,0.38461538461538464,"오늘자 주식에 전재산 넣은 20대 상황.. 삼전닉스야.. 나 한강물 안  / [실제사연] 주식으로 전재산 11억 잃고 빚 7억 진 63세 남자의 고백 / 2030 주식 중독 223% 폭증, 당신의 뇌가 실시간으로 망가지는 증거","afhzHSMW0ac, 9TTgn41v558, I5hu8sTZmwg",47.0
9,"이유, 실패, 투자, 진짜, 장기, 시장",38,1.7270104032196827,335.43649652941747,0.2894736842105263,0.02631578947368421,0.23684210526315788,"국내 주식시장이 카지노 투기판으로 변해버린 이유 #레버리지ETF #상장폐 / 50대 주식투자를 실패했다면 99%는 3가지 이유 때문입니다 | 개미투자 / 주식으로 돈 벌어도 결국 전재산을 잃는 이유, 실패 과정의 전형적인 패턴","AF4ZZmgkT1Y, SoM3W-Cxess, RXft-lAkSqU",45.0
8,"투자, 실패, 은퇴, 인생, 시작, 후회",58,1.9743210370960829,104.95596338103726,0.20689655172413793,0.017241379310344827,0.25862068965517243,60대에 시작하는 주식 투자: 실패를 피하는 5가지 팁 / 주식 실패로 5억이 20만 원 되는 과정(1~5편 통합본) / 주식 투자 마이너스(-)되도 계속 갖고 있는 사람들의 결말,"UZ8moQHNjAk, 8_YxWzVTbro, M0fHTKInPNc",35.0
5,"리딩, 사기, 피해, 사칭, 변호사, 실체",41,1.7368791063613953,19.56000334515854,0.024390243902439025,0.024390243902439025,0.34146341463414637,공모주사기? 비상장주식 투자로 피해 당했다면 꼭 보세요! 유명인 사칭 사 / ❗ 부자언니 유수진 사기 ❗주식 리딩방 증권사 사칭 투자 사기 피해 대응 / 리딩방 사기 피해는 이게 정말 중요합니다.,"s0HnYY8sK94, WDJxMp0ID-Q, V5u3sqsVSxw",28.0
1,"남편, 아내, 투자, KNN, 이혼, 수익",33,0.9394904768920518,41.93979627775416,0.0,0.0,0.5151515151515151,"주식 코인 도박 중독 남편 이혼 가능할까요? / 아내 몰래 주식투자로 퇴직금 날린 남편, 은퇴 2년 만에 예상 못한 반전 / 몰래 주식하다 빚더미 앉은 남편의 최후｜이혼 전문 변호사","M8-SD1r0ZRE, dtSX_nNDXp8, PtfpU_NPz5Y",13.0
