video_id,title,channel_title,views,found_by,category,topic_reason,video_url
-CCb_hLHK2E,[코인사기 판결 리뷰 / 230629] 코인사기 판결 리뷰 + 간단한 법률상담,빡친변호사 ANGRYLAWYER,2466,주식 리딩방 법원 판결,8. 실제 사건·판결·뉴스,off_topic,https://www.youtube.com/watch?v=-CCb_hLHK2E
-IxdVmY8TwA,자동매매로 10억 벌기 32일차,자동매매 십억원,2211,주식 자동매매 사기 사례,4. 사기·추천방 피해,off_topic,https://www.youtube.com/watch?v=-IxdVmY8TwA
-SHs1ZS5t64,형사사건에서 배상명령을 신청하면 민사소송 안해도 되나요? I 형사재판 I 배상명령신청,법무법인 홍림 성보스,21347,주식 리딩방 법원 판결,8. 실제 사건·판결·뉴스,off_topic,https://www.youtube.com/watch?v=-SHs1ZS5t64
-euUV-PEh0Q,"피해자만 수백명, 심각한 AI 자동매매 투자사기 / #하이퍼자동매매 #외환거래 #ai자동매매프로그램",트레이더 킴월백,24401,주식 자동매매 사기 사례,4. 사기·추천방 피해,off_topic,https://www.youtube.com/watch?v=-euUV-PEh0Q
-jqORI2_6-Q,#shorts 생활비 때문에 싸우는 부부의 진짜 문제 #돈은 갈등의 시작일 뿐,박상희변호사의 이혼특강,1907,부부 주식 투자 갈등,3. 가족 갈등,off_topic,https://www.youtube.com/watch?v=-jqORI2_6-Q
-m1SWUVwXuY,50대 통장에 이만큼이면 당장 은퇴해도 됩니다 #돈쭐남 #김경필 #이영주 #노후준비 #국민연금 #퇴직금,부티플 - 부의 배수를 높여라,408993,은퇴 후 주식 투자 실패,2. 50·60대와 노후자금,off_topic,https://www.youtube.com/watch?v=-m1SWUVwXuY
0qKM_7gSXNY,알트 코인으로 인생 망하는 과정,주독 - 주식독설가,1171660,주식 폭락 전재산 손실,6. 큰 하락과 공포,off_topic,https://www.youtube.com/watch?v=0qKM_7gSXNY
0tS3gRQerWs,남편은 그녀가 뚱뚱하다고 바람피우고 이혼을 강요했다! 100kg 감량하고 상속녀가 되자 그가 빌었다.#이혼 #단편드라마 #웹드라마 #불륜 #사기결혼 #가족갈등 #후회남자,林熙劇場LuckyDrama,22197,주식 손실 숨긴 아내,3. 가족 갈등,off_topic,https://www.youtube.com/watch?v=0tS3gRQerWs
0vg-WWftQXY,은퇴후 90세까지 현금흐름 만드는 방법 | 포트폴리오 인생 | 은퇴후 10년 수익률 | 인생파산 | 시퀀스리스크 | 4퍼센트법칙 | 인생파산,라이프링크 스튜디오,117129,노후 주식 투자 후회,2. 50·60대와 노후자금,off_topic,https://www.youtube.com/watch?v=0vg-WWftQXY
2VaOBvaT9bM,前世我偏心養女將親女兒掃地出門，最後卻被養女虐待致死，重生後我將所有財產送給親女，養女腸子悔青也換不回原諒！#短劇 #短劇全集 #drama #情感 #逆襲 #親情,整点短劇,280,주식 손실 숨긴 남편,3. 가족 갈등,off_topic,https://www.youtube.com/watch?v=2VaOBvaT9bM
2WScWf8EU7Q,자동매매 사기일까? 절대 돈 입금하면 안됩니다,자동매매 십억원,457,주식 자동매매 사기 사례,4. 사기·추천방 피해,off_topic,https://www.youtube.com/watch?v=2WScWf8EU7Q
2hhHC44We8c,노후에는 이렇게 살면 됩니다 #법륜스님 #법륜스님쇼츠 #법륜쇼츠 #즉문즉설 #정토불교대학 #노년생활,법륜스님의 즉문즉설,4550749,60대 주식 투자 실패,2. 50·60대와 노후자금,off_topic,https://www.youtube.com/watch?v=2hhHC44We8c
2jo73EzmbY8,아빠처럼 안 산다더니 왜 닮아갈까? #이혼 #부부갈등 #부부문제 #시댁 #가족환경 #결혼생활,빛변TV - 김한빛 변호사,1578,부부 주식 투자 갈등,3. 가족 갈등,off_topic,https://www.youtube.com/watch?v=2jo73EzmbY8
4z0pPMkxraY,자동매매 프로그램 사기적인 기능 #ai  #비트코인,패시브인컴,137970,주식 자동매매 사기 사례,4. 사기·추천방 피해,off_topic,https://www.youtube.com/watch?v=4z0pPMkxraY
54WxXQRib4M,48만 경제유튜버가 충격받은 신혼부부 돈관리법,시골쥐의 도시생활,285101,부부 주식 투자 갈등,3. 가족 갈등,off_topic,https://www.youtube.com/watch?v=54WxXQRib4M
5Ufjiv18F8s,노후에 모아둔 1억 반토막 나는 이유 / 흑자기에 미리 안 준비하면 은퇴 후 100% 후회하는 3가지,돈을 지키는 연구소,124,노후 주식 투자 후회,2. 50·60대와 노후자금,off_topic,https://www.youtube.com/watch?v=5Ufjiv18F8s
62oOjYFCtGo,90%가 모르는 ISA계좌 팁,금융초년생 경제가이더 채미,1735310,60대 주식 투자 주의사항,7. 교훈과 예방,off_topic,https://www.youtube.com/watch?v=62oOjYFCtGo
6gjzPFqjs7E,🚫 고수익 보장하는 곳은 99% 사기!,금융사기예방연구소,1512,고수익 주식 투자 사기,4. 사기·추천방 피해,off_topic,https://www.youtube.com/watch?v=6gjzPFqjs7E
6thAmJZjpWQ,사기 사건 고소 접수 경찰은 싫어한다?,신탁의 신(信) - 오상민 변호사,77522,주식 리딩방 법원 판결,8. 실제 사건·판결·뉴스,off_topic,https://www.youtube.com/watch?v=6thAmJZjpWQ
6vgK2zNnJl0,매번 1% 수익내던 1억 투자자 결말,이것만,1078960,주식 손실 실제 경험담,7. 교훈과 예방,off_topic,https://www.youtube.com/watch?v=6vgK2zNnJl0
86YiCaX9-0o,은퇴자금 5억 원으로 어느정도 버틸수 있을까? 😭#노후준비 #은퇴자금 #자산관리 #김경필  #쇼츠,빅퀘스천 Big Questions,2799781,은퇴 후 주식 투자 실패,2. 50·60대와 노후자금,off_topic,https://www.youtube.com/watch?v=86YiCaX9-0o
8U5HIrHqWLw,'고수익 유혹' 400억대 투자사기…직원들도 속았다 [뉴스데스크],MBCNEWS,2878,고수익 주식 투자 사기,4. 사기·추천방 피해,off_topic,https://www.youtube.com/watch?v=8U5HIrHqWLw
8YBPpTMY6Es,몰래 대출받아 코인한 남편,커뮤니츠,1450,남편 몰래 주식 투자 사연,3. 가족 갈등,off_topic,https://www.youtube.com/watch?v=8YBPpTMY6Es
8aasDZGWmmc,최고의 노후준비는 '이것'만 알면 됩니다 #노후 #노년 #노후준비 #노인 #노인빈곤 #노후파산,달그닥TV,519239,노후 주식 투자 후회,2. 50·60대와 노후자금,off_topic,https://www.youtube.com/watch?v=8aasDZGWmmc
8mAWSyk-d3k,[2022년 12월 15일 판례공보] 형사 2022. 10. 27. 선고 2018도4413 판결 〔자본시장과금융투자업에관한법률위반〕,법원도서관,59,주식 리딩방 법원 판결,8. 실제 사건·판결·뉴스,off_topic,https://www.youtube.com/watch?v=8mAWSyk-d3k
8oD1ZRuHxXA,재테크 실패?! 60대가 조심해야 할 점!,부의 경제학,108,60대 주식 투자 주의사항,7. 교훈과 예방,off_topic,https://www.youtube.com/watch?v=8oD1ZRuHxXA
9b2KxkAsMhQ,자동매매 5개월 100% 솔직 후기,비트패스 비트코인자동매매,52582,주식 자동매매 사기 사례,4. 사기·추천방 피해,off_topic,https://www.youtube.com/watch?v=9b2KxkAsMhQ
Ai2f-wPAWY8,"그녀는 남편이 바람피우는 현장을 목격했다,연인에게 불에 타 죽었다!1년 뒤 200kg 빼고 그들을 감옥에! #살을 빼고 복수하러 돌아왔다 #추천 단편 드라마 #만족스러운 드라마",BlessedBits,13456,주식 손실 숨긴 아내,3. 가족 갈등,off_topic,https://www.youtube.com/watch?v=Ai2f-wPAWY8
AmTF8PMlL-E,[단독] '월 7% 수익' 미끼 1천 억 유치…석 달 뒤 '잠적' / SBS,SBS 뉴스,74150,주식 손실 회복하려다 더 잃은 사연,6. 큰 하락과 공포,off_topic,https://www.youtube.com/watch?v=AmTF8PMlL-E
ApgVJeJIQ7U,정말 이혼하고 싶다면 처음 해야 할 일,유돈로우,272161,주식 손실 이혼 판결,8. 실제 사건·판결·뉴스,off_topic,https://www.youtube.com/watch?v=ApgVJeJIQ7U
B6EWlswbjKs,코인 지하뚫고 가다가 남편한테 딱걸렸는데,썰펭구,10184,남편 몰래 주식 투자 사연,3. 가족 갈등,off_topic,https://www.youtube.com/watch?v=B6EWlswbjKs
BZBUhgwE-34,"""전재산 날렸어요""…'행복팀 사기' 피해 구제 시급",MBN News,1064,주식 손실 숨긴 남편,3. 가족 갈등,off_topic,https://www.youtube.com/watch?v=BZBUhgwE-34
By1rdbKR6uw,쫄보가 욕심만 많다,창원개미TV,34780,주식 손실 숨긴 아내,3. 가족 갈등,off_topic,https://www.youtube.com/watch?v=By1rdbKR6uw
C5rreYEZGao,가장 확실한 노후준비 '딱 1개만' 알려드릴게요 (김경필 머니트레이너),김작가 TV,2865649,노후 주식 투자 후회,2. 50·60대와 노후자금,off_topic,https://www.youtube.com/watch?v=C5rreYEZGao
CIQk98D1a0s,유학갔다는 그녀가 왜 여기에? MBN 220630 방송,MBN Entertainment,1416,주식 손실 숨긴 아내,3. 가족 갈등,off_topic,https://www.youtube.com/watch?v=CIQk98D1a0s
CxwCFxUwano,"3억 빚쟁이와 결혼한 여자, 그 결말은...? 1편 #shorts #이슈 #알고리즘 #유튜브쇼츠",톡톡소담,1237,주식 손실 숨긴 아내,3. 가족 갈등,off_topic,https://www.youtube.com/watch?v=CxwCFxUwano
DAwRyelr-6s,小伙当众揭穿妻子出轨，在酒店和别的男人拍摄的私密照被他抛向空中！小伙不装了—他是首富之子，不顾三年的感情直接离婚，前妻悔的肠子都青了，跪求小伙原谅她！,好戏短剧社dramaclub,42676,주식 손실 숨긴 아내,3. 가족 갈등,off_topic,https://www.youtube.com/watch?v=DAwRyelr-6s
DSxMx1RA-7E,"""이정도는 있어야 상위 1%""입니다"" 은퇴한 또래들은 어떻게 돈을 모으고 있을까? (이상건 센터장 2부)",책과삶,350508,은퇴 후 주식 투자 주의사항,7. 교훈과 예방,off_topic,https://www.youtube.com/watch?v=DSxMx1RA-7E
EfcwqQWOukc,她听信旁人挑拨，亲手结束多年婚姻，等顾助理拿出一份份证据时才崩溃发现，那个男人其实爱了她很多很多年[MULTI SUB | FULL] #MiniDrama #精彩大陆短剧,心跳月光短劇社,72677,주식 손실 숨긴 아내,3. 가족 갈등,off_topic,https://www.youtube.com/watch?v=EfcwqQWOukc
EhR1mWM_ZV0,남편은 아내의 뚱뚱함을 싫어해서 정부에게 아내를 불태우도록 허락했다! 환생한 아내는 그들에게 복수한다. 남편은 후회한다!,七分糖短劇ShortTV,3459,주식 손실 숨긴 아내,3. 가족 갈등,off_topic,https://www.youtube.com/watch?v=EhR1mWM_ZV0
EnOuvFoYIXs,"2,200억 횡령 오스템임플란트 직원 부친 숨진 채 발견...경찰, 남은 금괴 추적 / YTN", YTN,4304,주식 손실 숨긴 아내,3. 가족 갈등,off_topic,https://www.youtube.com/watch?v=EnOuvFoYIXs
ErspNYLJOWs,세종 상가에 10억 영끌한 30대 청년의 최후 #공실 #부동산,여우대장,447321,테마주 투자 실패 사례,5. 특정 투자 방식 실패,off_topic,https://www.youtube.com/watch?v=ErspNYLJOWs
FXQ-YdyC-SY,어렵게 승소한 판결문! 그것은 쓰레기가 되었다?,채권추심 돈도,2721,주식 리딩방 법원 판결,8. 실제 사건·판결·뉴스,off_topic,https://www.youtube.com/watch?v=FXQ-YdyC-SY
FecsHTuIaO0,"퇴직금 2억, 이렇게 안하면 곧 사라집니다 l 평생 연 2천만 원 받는 진짜 방법 (리치노마드 3부)",현명한 은퇴자들,183367,은퇴 후 주식 투자 주의사항,7. 교훈과 예방,off_topic,https://www.youtube.com/watch?v=FecsHTuIaO0
FftJyktXA3s,"""노후 포트폴리오 공개합니다"" 노후준비 힘들면 '이 3가지만' 하세요"" 부자가 되는 가장 확실한 방법 ( 이상건 센터장 )",경제 원탑,49529,은퇴 후 주식 투자 주의사항,7. 교훈과 예방,off_topic,https://www.youtube.com/watch?v=FftJyktXA3s
Fh1-7H9eMyQ,"60대 이상 투자 실패, 그 복잡한 심리 분석",퀸즈리의  경제학,9,60대 주식 투자 실패,2. 50·60대와 노후자금,off_topic,https://www.youtube.com/watch?v=Fh1-7H9eMyQ
G3obwGByVGs,S&P500 10년 투자했는데 수익률이 -48%??,서대리TV,716153,주식 투자자가 가장 후회하는 것,7. 교훈과 예방,off_topic,https://www.youtube.com/watch?v=G3obwGByVGs
GjDKhZp5w7c,계좌지급정지를 당했다면 제일 먼저 확인해야 할 것 #이태훈변호사 #리앤컴퍼니법률사무소,리앤컴퍼니 법률사무소,46159,주식 리딩방 법원 판결,8. 실제 사건·판결·뉴스,off_topic,https://www.youtube.com/watch?v=GjDKhZp5w7c
GnRbPMTard8,내가 TQQQ 투자하는 방법!,퀀트는 게만아 | 파이썬 자동매매,181890,주식 자동매매 사기 사례,4. 사기·추천방 피해,off_topic,https://www.youtube.com/watch?v=GnRbPMTard8
HXKSIv2L0Ss,장모한테 15000원 쓰는거 아까워하는 남편,킹쥐,238648,부부 주식 투자 갈등,3. 가족 갈등,off_topic,https://www.youtube.com/watch?v=HXKSIv2L0Ss
IFUXld2phrw,매매기법 알려드립니다,자두두 Jadoodoo,364630,주식 자동매매 사기 사례,4. 사기·추천방 피해,off_topic,https://www.youtube.com/watch?v=IFUXld2phrw
IKJceJ1Kyl4,"""피해자가 처한 상황 고려 안 해""…다시 재판하라 (2018.11.01/뉴스투데이/MBC)",MBCNEWS,250,주식 리딩방 법원 판결,8. 실제 사건·판결·뉴스,off_topic,https://www.youtube.com/watch?v=IKJceJ1Kyl4
JfzRMIQGci0,최근 레전드 '갱신'한 한국 투자자 근황.. ㅠㅠ,강석주,3027420,주식 폭락 전재산 손실,6. 큰 하락과 공포,off_topic,https://www.youtube.com/watch?v=JfzRMIQGci0
JiR3TvA5m0w,"[FX마진거래 3탄] FX렌트 판결문 총정리, 법원이 판단한 FX렌트가 빼박 도박인 이유",변호사 이승재,965,주식 리딩방 법원 판결,8. 실제 사건·판결·뉴스,off_topic,https://www.youtube.com/watch?v=JiR3TvA5m0w
JkdlHA0_m0Q,이혼재산분할에 포함되지 않는 네 가지,빛변TV - 김한빛 변호사,115805,주식 손실 이혼 판결,8. 실제 사건·판결·뉴스,off_topic,https://www.youtube.com/watch?v=JkdlHA0_m0Q
JlPmfTFCxok,'패딩 안에 슬쩍'…어린 딸 앞에서 태블릿PC 훔친 남성 / JTBC 사건반장,JTBC News,3618,주식 손실 숨긴 아내,3. 가족 갈등,off_topic,https://www.youtube.com/watch?v=JlPmfTFCxok
JltHDfi3bHU,"""시세보다 싸게 줄게""…2억 6천만원 코인 사기 실형 / 연합뉴스TV (YonhapnewsTV)",연합뉴스TV,473,주식 리딩방 법원 판결,8. 실제 사건·판결·뉴스,off_topic,https://www.youtube.com/watch?v=JltHDfi3bHU
JwkVXrcEL44,40살까지 모은 돈이 인생을 좌우합니다,부투스쿨 TV,361789,50대 주식 투자 실패,2. 50·60대와 노후자금,off_topic,https://www.youtube.com/watch?v=JwkVXrcEL44
KCehvt5N2qw,"법원 코인사기 판단기준…""부실백서·허위공시·불공정거래"" / 연합뉴스TV (YonhapnewsTV)",연합뉴스TV,253,주식 리딩방 법원 판결,8. 실제 사건·판결·뉴스,off_topic,https://www.youtube.com/watch?v=KCehvt5N2qw
KDtQLyQr-h0,60대 이후 절대 하면 안 되는 투자 10가지 (노후 자금 지키는 법),슬기로운시니어,6088,60대 주식 투자 주의사항,7. 교훈과 예방,off_topic,https://www.youtube.com/watch?v=KDtQLyQr-h0
KGEPs00A5ow,부인ㆍ아들에게 8년간 불법급여…CTS 회장 집유 확정 / 연합뉴스TV (YonhapnewsTV),연합뉴스TV,149,주식 손실 숨긴 아내,3. 가족 갈등,off_topic,https://www.youtube.com/watch?v=KGEPs00A5ow
KZX75Pq7jKY,속이 메스꺼워지는 실제 도박 중독 후기들,속풀이짬뽕알뜰세트,423132,주식 중독 실제 사례,6. 큰 하락과 공포,off_topic,https://www.youtube.com/watch?v=KZX75Pq7jKY
Kasga1-eSkU,"60대, 은퇴 후 투자는 배당금보다 '이걸' 꼭 아셔야 해요!",부유한책방 ,99191,은퇴 후 주식 투자 주의사항,7. 교훈과 예방,off_topic,https://www.youtube.com/watch?v=Kasga1-eSkU
KsqWuvR-sfo,60세 넘어서 '이곳' 투자했다가 전 재산 날렸습니다... 제발 조심하세요! 🛑,노후재테크연구소,1361,60대 주식 투자 주의사항,7. 교훈과 예방,off_topic,https://www.youtube.com/watch?v=KsqWuvR-sfo
Kv6dyA1u0bM,5분만에 전재산을 잃을 수 있는 비트코인,자두두 Jadoodoo,5937611,주식 폭락 전재산 손실,6. 큰 하락과 공포,off_topic,https://www.youtube.com/watch?v=Kv6dyA1u0bM
LhgDGV-N46c,"98% 폭락에 매수했더니…1시간 뒤 ""손 떨려"" 황당 사고 #shorts",SBS 뉴스,13959848,주가 폭락 실제 투자자 사연,6. 큰 하락과 공포,off_topic,https://www.youtube.com/watch?v=LhgDGV-N46c
Lst6Fw3ZRKw,영끌해서 집 샀더니 순식간에 3억 원이 떨어졌다. 잘나가던 기업 간부에서 파산하게 된 남자｜부동산 투자 실패｜자본주의｜다큐프라임｜#골라듄다큐,EBSDocumentary (EBS 다큐),1119464,주식 투자 실패 다큐멘터리,9. 사연·썰·다큐 포맷,off_topic,https://www.youtube.com/watch?v=Lst6Fw3ZRKw
LxUtDR7sYTo,[#실화멘터리] 충격적인 투자 사기 사건들 #금수저사기꾼 #돌려막기사기 #실화탐사대 #실화On MBC220326방송,실화 On,348365,주식 투자 사기 실제 사건,8. 실제 사건·판결·뉴스,off_topic,https://www.youtube.com/watch?v=LxUtDR7sYTo
M6rt7GBiyig,국민에게 손가락욕 날리는 윤석열 #shorts,가족범죄단 윤석열 이제 나라를 통째로,6720,주식 손실 숨긴 아내,3. 가족 갈등,off_topic,https://www.youtube.com/watch?v=M6rt7GBiyig
MeTWhFRbd04,13억 대출받아 상가 투자한 50대 남성의 처참한 현실,이코노노트,30271,테마주 투자 실패 사례,5. 특정 투자 방식 실패,off_topic,https://www.youtube.com/watch?v=MeTWhFRbd04
NWFcsoSGu2I,50대에 이정도 없으면 좌절한다고 합니다..,월급쟁이부자들TV,1096266,노후 주식 투자 후회,2. 50·60대와 노후자금,off_topic,https://www.youtube.com/watch?v=NWFcsoSGu2I
OUW-wvJ1LyM,대부분의 사람들이 부자 되기 힘든 이유#shorts  #부자되는법 #삼프로tv (쇼츠 김동환),월급쟁이부자들TV,4458088,주식 투자자가 가장 후회하는 것,7. 교훈과 예방,off_topic,https://www.youtube.com/watch?v=OUW-wvJ1LyM
Oejqu2EkQO4,40대에 무주택자면 정말 큰일 난 겁니다,부투스쿨 TV,187261,50대 주식 투자 실패,2. 50·60대와 노후자금,off_topic,https://www.youtube.com/watch?v=Oejqu2EkQO4
OyxTtoSdPQE,1931. 남편의 투자로 늘어만 가는 빚,법륜스님의 즉문즉설,636454,남편 몰래 주식 투자 사연,3. 가족 갈등,off_topic,https://www.youtube.com/watch?v=OyxTtoSdPQE
PAXKRq6GA_4,남편과 내연녀에게 살해당한 그녀! 다시 태어나 두 사람에게 끔찍한 대가를 치르게 한다!,糖金劇場SWEETFILM,933,주식 손실 숨긴 아내,3. 가족 갈등,off_topic,https://www.youtube.com/watch?v=PAXKRq6GA_4
PL5rupEGw6I,[판결문 읽어주는 변호사] 코인 사기 - 개발 능력 속여 잡코인 팔아 먹어버린 사기꾼,빡친변호사 ANGRYLAWYER,2547,주식 리딩방 법원 판결,8. 실제 사건·판결·뉴스,off_topic,https://www.youtube.com/watch?v=PL5rupEGw6I
PkjyCF-gXhI,IRP 계좌를 무조건 2개 이상 만들어야 하는 이유!,돈워리,634394,60대 주식 투자 주의사항,7. 교훈과 예방,off_topic,https://www.youtube.com/watch?v=PkjyCF-gXhI
QELETDNTmmo,1억 원 예금 vs 채권: 당신의 돈을 불리는 최고의 방법 #shorts,머니하이브,218066,60대 주식 투자 주의사항,7. 교훈과 예방,off_topic,https://www.youtube.com/watch?v=QELETDNTmmo
QY0Citvk0rw,[자막뉴스] 슬리퍼 뜯어내니...태국인들의 수상한 SNS 대화방 / YTN, YTN,29552,주식 손실 숨긴 아내,3. 가족 갈등,off_topic,https://www.youtube.com/watch?v=QY0Citvk0rw
QrXvTpTDL0w,"[정치쇼] 이재명 겨냥 수사, 당내 반응은?(설훈)/ 남은 22일 국조특위 향방은?(장혜영)/ [신삼변시대] 우퍼로 층간소음 보복, 최후는?(신인규,백성문,양지열) 221216금",SBS 시사교양 라디오 - 시교라,8966,주식 손실 숨긴 아내,3. 가족 갈등,off_topic,https://www.youtube.com/watch?v=QrXvTpTDL0w
R-xi8XOIYg8,【FULL】Delivery Guy Is Framed by a CEO—Then She Discovers He’s a Wall Street Genius!,Microlight Cinema,2,주식 손실 숨긴 남편,3. 가족 갈등,off_topic,https://www.youtube.com/watch?v=R-xi8XOIYg8
RV91OD5WibY,640) 상가 기둥으로 인한 해제? 전직 부장판사의 법률상식 쇼츠,부장판사 출신 김익현 변호사,404,주식 리딩방 법원 판결,8. 실제 사건·판결·뉴스,off_topic,https://www.youtube.com/watch?v=RV91OD5WibY
Ry_90ZfrWQY,"목사님, 법륜스님의 설법을 듣고 놀란 이유",The Life 지구촌교회 - 더라이프지구촌교회,3125837,주식 손실 숨긴 남편,3. 가족 갈등,off_topic,https://www.youtube.com/watch?v=Ry_90ZfrWQY
SENI5hJbW5E,"[실화탐사대] 거액의 투자 사기 사건, 그녀를 믿지 마세요  #엠뚜루마뚜루 #엠트루 MBC220326방송",엠뚜루마뚜루 : MBC 공식 종합 채널,320508,주식 투자 사기 실제 사건,8. 실제 사건·판결·뉴스,off_topic,https://www.youtube.com/watch?v=SENI5hJbW5E
SKUDD_zZFM8,"“You Didn’t Hide Money, You Lied.”",Benzinga,1991,주식 손실 숨긴 아내,3. 가족 갈등,off_topic,https://www.youtube.com/watch?v=SKUDD_zZFM8
SYW42eh0wJQ,17억 상가 투자자의 비극! 결국 빚더미에 앉은 이유 (단희쌤),단희TV,277966,테마주 투자 실패 사례,5. 특정 투자 방식 실패,off_topic,https://www.youtube.com/watch?v=SYW42eh0wJQ
SayKkU0CmKs,허지웅이 항암치료를 하면서 느낀 점 #shorts #아는형님,1분예능모음zip,6209658,주식 손실 숨긴 남편,3. 가족 갈등,off_topic,https://www.youtube.com/watch?v=SayKkU0CmKs
Su94e2m9KwA,강남 건물 투자 실패 사례... 후덜덜하네,고기덕,2906,테마주 투자 실패 사례,5. 특정 투자 방식 실패,off_topic,https://www.youtube.com/watch?v=Su94e2m9KwA
T7VruXs7sEQ,은퇴 후 절대 해서는 안 되는 투자 10가지  #마음챙김,마음관리자,140,은퇴 후 주식 투자 주의사항,7. 교훈과 예방,off_topic,https://www.youtube.com/watch?v=T7VruXs7sEQ
TFunwNUj1mk,고수익 미끼로 SNS 투자 사기…“노후 자금 10억 원 날렸다” [9시 뉴스] / KBS  2024.05.12.,KBS News,232603,고수익 주식 투자 사기,4. 사기·추천방 피해,off_topic,https://www.youtube.com/watch?v=TFunwNUj1mk
Uvl7xLjAh-I,결국 폭발해버린 퇴직연금 전문가 #shorts,교보생명 퇴직연금,1083895,50대 주식 투자 실패,2. 50·60대와 노후자금,off_topic,https://www.youtube.com/watch?v=Uvl7xLjAh-I
V-Nlkc9YA34,아들의 코인빚에 아버지가 향한곳,마음온기,4889533,60대 주식 투자 실패,2. 50·60대와 노후자금,off_topic,https://www.youtube.com/watch?v=V-Nlkc9YA34
VlStT53KICI,코인 대폭락 #bitcoin,자두두 Jadoodoo,1907734,주식 손실 숨긴 남편,3. 가족 갈등,off_topic,https://www.youtube.com/watch?v=VlStT53KICI
WBSISITEFng,현금 이만큼 있다면 당장 은퇴해도 됩니다,월급쟁이부자들TV,1920930,은퇴 후 주식 투자 실패,2. 50·60대와 노후자금,off_topic,https://www.youtube.com/watch?v=WBSISITEFng
WBnSrmOr9xE,오스템임플란트 횡령 직원 부친 숨진 채 발견 / 연합뉴스TV (YonhapnewsTV),연합뉴스TV,273,주식 손실 숨긴 아내,3. 가족 갈등,off_topic,https://www.youtube.com/watch?v=WBnSrmOr9xE
WOzIj3mCu-Y,직장 생활하는 50대 평균 자산 규모는 얼마일까요?,현명한 은퇴자들,406486,60대 주식 투자 주의사항,7. 교훈과 예방,off_topic,https://www.youtube.com/watch?v=WOzIj3mCu-Y
Xe77BPxIG-c,문자 넣는 순간 사기 당합니다,코인덕 차트아지,13979,주식 단톡방 사기 사례,4. 사기·추천방 피해,off_topic,https://www.youtube.com/watch?v=Xe77BPxIG-c
Y-ytRabMNEs,사고 5년뒤 후회할아파트,푸릉,4231443,노후 주식 투자 후회,2. 50·60대와 노후자금,off_topic,https://www.youtube.com/watch?v=Y-ytRabMNEs
Y1RNxQHbiEM,AI 자동 매매 사이트 다 믿지 마세요. 내 퇴직 연금 날아갑니다.,썬데이 로소코,1339,주식 자동매매 사기 사례,4. 사기·추천방 피해,off_topic,https://www.youtube.com/watch?v=Y1RNxQHbiEM
Y3bMkweEJf8,"5억으로 QLD 은퇴! 월 400만 원 생활비 인출, 5년뒤 충격 결과는?",슬기로운 파이어족,95079,은퇴 후 주식 투자 실패,2. 50·60대와 노후자금,off_topic,https://www.youtube.com/watch?v=Y3bMkweEJf8
YU7Z05mQ6Cs,이런 사람과는 절대 결혼하면 안 됩니다 #shorts  #이혼 #결혼  (쇼츠 이인철),월급쟁이부자들TV,3579969,남편 몰래 주식 투자 사연,3. 가족 갈등,off_topic,https://www.youtube.com/watch?v=YU7Z05mQ6Cs
YkxrQkN-yt0,내 모든 걸 바쳐 남편 회사를 상장시켰더니 불륜에 빈손 이혼까지…결국 모든 걸 되찾자 그가 무릎 꿇었다!#drama #kdrama #드라마,봄날 숏극장,8839,주식 손실 숨긴 남편,3. 가족 갈등,off_topic,https://www.youtube.com/watch?v=YkxrQkN-yt0
ZoWJDZy7U1Y,"금값이 폭락한 진짜 이유, 50초 안에 설명하기",꽉TV,4233456,주가 폭락 실제 투자자 사연,6. 큰 하락과 공포,off_topic,https://www.youtube.com/watch?v=ZoWJDZy7U1Y
_lQkmZA2_5I,"진짜 부자는 보험 가입 안 합니다 ""당장 이것 준비하세요"" #이영주 #보험",부티플 - 부의 배수를 높여라,2019801,60대 주식 투자 주의사항,7. 교훈과 예방,off_topic,https://www.youtube.com/watch?v=_lQkmZA2_5I
_lZznJosMVA,국채는 이때 사세요!  #국채 #채권 #투자 #안전자산 #금 #달러,돈워리,149833,60대 주식 투자 주의사항,7. 교훈과 예방,off_topic,https://www.youtube.com/watch?v=_lZznJosMVA
_pSLInJSIpU,"5일 만에 만든 AI 자동매매, 실제로 돌려봤더니...",명준MJ,10235,주식 자동매매 사기 사례,4. 사기·추천방 피해,off_topic,https://www.youtube.com/watch?v=_pSLInJSIpU
aXHfzkSgzR0,"[자막뉴스] ""안 속았다고 좋아했더니.."" 피싱범의 무시무시한 '복수' (MBC뉴스)",MBCNEWS,1760734,주식 리딩방 법원 판결,8. 실제 사건·판결·뉴스,off_topic,https://www.youtube.com/watch?v=aXHfzkSgzR0
aecEWtF1wHI,아내몰래 받은 대출4억 코인선물로 다 날린 남편,피플빌리지,22379,주식 손실 숨긴 아내,3. 가족 갈등,off_topic,https://www.youtube.com/watch?v=aecEWtF1wHI
bdog3KUtzxA,"모르면 평생 후회, 노후 자금 불리는 황금 순서 3단계 완벽 정리 #재테크 #돈모으는법",온도한스푼,288641,노후 주식 투자 후회,2. 50·60대와 노후자금,off_topic,https://www.youtube.com/watch?v=bdog3KUtzxA
cA1q-ETU4vc,매월 배당금으로 100만원 만드는 방법,머니치트키,2401596,노후 주식 투자 후회,2. 50·60대와 노후자금,off_topic,https://www.youtube.com/watch?v=cA1q-ETU4vc
dVg-u5_mTBI,"“IQ 150, 자존심에 가족을 학살한 아버지”   #살인사건 #서초동사건 #고지능범죄 #나르시시즘 #실화사건#범죄사건 #충격실화 #사회이슈 #무기징역 #범죄경고",SIGNAL!,1061,주식 손실 숨긴 아내,3. 가족 갈등,off_topic,https://www.youtube.com/watch?v=dVg-u5_mTBI
daUXgWnzAQE,"채무자의 모든 계좌, 한번에 다 압류 가능한가요?",류인규 변호사의 내돈내놔,206969,주식 리딩방 법원 판결,8. 실제 사건·판결·뉴스,off_topic,https://www.youtube.com/watch?v=daUXgWnzAQE
dbI8ojwXBMY,장기투자 하다가 결국 실패하는이유,차윤호 스플릿,28953,주식 장기투자 실패 사례,1. 실제 투자 실패·손실 사연,off_topic,https://www.youtube.com/watch?v=dbI8ojwXBMY
dpl9pVqdqNo,황혼이혼 재산분할 어떻게 해야하나?,소송가이드,4669,주식 손실 숨긴 아내,3. 가족 갈등,off_topic,https://www.youtube.com/watch?v=dpl9pVqdqNo
dvpJtifo94g,코인 폭락으로 430억 잃은 유튜버 근황,셀럽팡팡,1042879,주식 폭락 전재산 손실,6. 큰 하락과 공포,off_topic,https://www.youtube.com/watch?v=dvpJtifo94g
dzCLtKW4Eg8,요즘 난리난 AI 투자 대회,토미의 트레이딩TV,285388,주식 자동매매 사기 사례,4. 사기·추천방 피해,off_topic,https://www.youtube.com/watch?v=dzCLtKW4Eg8
eG1tc83rNBY,이런 집들은 피하세요,월급쟁이부자들TV,3572479,60대 주식 투자 주의사항,7. 교훈과 예방,off_topic,https://www.youtube.com/watch?v=eG1tc83rNBY
eZaIgOErC6I,"연금저축과 IRP, 핵심 차이 정리 [경제적 본능]",CBS 경제연구실,397208,60대 주식 투자 주의사항,7. 교훈과 예방,off_topic,https://www.youtube.com/watch?v=eZaIgOErC6I
eejY9BMd6mw,"""비트코인도 범죄수익이면 몰수"" 대법원 첫 판결 / YTN", YTN,658,주식 리딩방 법원 판결,8. 실제 사건·판결·뉴스,off_topic,https://www.youtube.com/watch?v=eejY9BMd6mw
fSYsLZU6kHQ,이렇게 연금수령하면 세금 폭탄 맞습니다,연금박사 이영주,246013,60대 주식 투자 주의사항,7. 교훈과 예방,off_topic,https://www.youtube.com/watch?v=fSYsLZU6kHQ
fnTATZ2qy9o,이런 집을 사야 후회하지 않습니다 #shorts #내집마련 #부동산투자 (쇼츠 너나위),월급쟁이부자들TV,1349718,주식 투자자가 가장 후회하는 것,7. 교훈과 예방,off_topic,https://www.youtube.com/watch?v=fnTATZ2qy9o
foZ3_ZdxIt0,건물주의 요구를 들어줄수 밖에 없는 여자의사연은 (영화리뷰/결말포함),무비샷 : MOVIE SHOT,54030,주식 손실 숨긴 아내,3. 가족 갈등,off_topic,https://www.youtube.com/watch?v=foZ3_ZdxIt0
g99-9acxu0s,임신한 나를 버리고 가짜 닥터 T와 약혼한 대표… 내가 진짜 천재라는 걸 알자 무너졌다.,심쿵 숏드라마,12344,주식 손실 숨긴 아내,3. 가족 갈등,off_topic,https://www.youtube.com/watch?v=g99-9acxu0s
hCMQfo_a_Jc,주식으로 이혼 위기 정말 많아요,이혼전문변호사 조인섭변호사 TV,1430,주식 손실 이혼 판결,8. 실제 사건·판결·뉴스,off_topic,https://www.youtube.com/watch?v=hCMQfo_a_Jc
hFAw-h5DsVA,사기 피해자 민사소송 주의사항 #변호사 #배상명령신청,변호사 김주형TV,5660,주식 리딩방 법원 판결,8. 실제 사건·판결·뉴스,off_topic,https://www.youtube.com/watch?v=hFAw-h5DsVA
hYV3cgNEBqA,50대 이후 더 잘 풀리는 사람 공통점 4가지 #이호선,부티플 - 부의 배수를 높여라,3703922,50대 주식 투자 실패,2. 50·60대와 노후자금,off_topic,https://www.youtube.com/watch?v=hYV3cgNEBqA
huBYfHyHA9Y,요즘 단체로 멘붕온 노후준비족 근황  #노후준비 #자산관리 #은퇴준비,어른의금융수업,155045,은퇴 후 주식 투자 주의사항,7. 교훈과 예방,off_topic,https://www.youtube.com/watch?v=huBYfHyHA9Y
iD_o7mgCz5E,月薪幾千的窮小子被老婆背叛，離婚時還被嘲笑沒本事養家，誰知下一秒綁定順手牽羊系統，第一次出手竟順走江城第一女總裁，還順走藥聖傳承和逆天機緣，從人人嫌棄的廢物逆襲成人生贏家！,凡塵劇場ShortTV,9121,주식 손실 숨긴 아내,3. 가족 갈등,off_topic,https://www.youtube.com/watch?v=iD_o7mgCz5E
irGYt5Ouhao,"S&P500 딱 이만큼만 사두세요 ""은퇴 후 평생 놀고먹을 수 있습니다"" #김경록 #sp500",부티플 - 부의 배수를 높여라,5720400,은퇴 후 주식 투자 주의사항,7. 교훈과 예방,off_topic,https://www.youtube.com/watch?v=irGYt5Ouhao
j1DSPfxcV6U,로또 1010회 일요일구매 20게임 자동 수동 1등 최고명당 최대명당,제이원jone nature,2829,주식 손실 숨긴 아내,3. 가족 갈등,off_topic,https://www.youtube.com/watch?v=j1DSPfxcV6U
jh9T0HNUu24,사기꾼이 수백억 벌고 감옥 갔다오면 남는 장사 아닌가요? #변호사 #장휘일 #사기꾼 #사기 #holypop,장휘일 변호사-Feel변,164104,주식 리딩방 법원 판결,8. 실제 사건·판결·뉴스,off_topic,https://www.youtube.com/watch?v=jh9T0HNUu24
jl7tKPHmZWs,세력의 심리를 알면 차트를 보는 눈이 달라집니다. #설거지,김추세,2025684,작전주 피해 실제 사례,5. 특정 투자 방식 실패,off_topic,https://www.youtube.com/watch?v=jl7tKPHmZWs
kB9OE5JvnHc,자식 때문에 이혼 못하겠어요 / 하버드청담심리센터 최명기 #shorts,의학채널 비온뒤,78347,부부 주식 투자 갈등,3. 가족 갈등,off_topic,https://www.youtube.com/watch?v=kB9OE5JvnHc
kFZTtmqVirc,코인투자로 10억이 80만 원 되는 데 딱 3일 걸렸습니다! 전재산 날린 60대 가장의 피눈물,은빛시나리오,59736,60대 주식 투자 실패,2. 50·60대와 노후자금,off_topic,https://www.youtube.com/watch?v=kFZTtmqVirc
kT7a0va51FY,#21  투자손실보상 신종 전화금융사기 조심하세요,뉴스PBN,205,주식 리딩방 법원 판결,8. 실제 사건·판결·뉴스,off_topic,https://www.youtube.com/watch?v=kT7a0va51FY
khsCIvJiMb4,2129. 코인 투자로 큰돈을 잃었습니다,법륜스님의 즉문즉설,379712,주식으로 전재산 잃은 사연,1. 실제 투자 실패·손실 사연,off_topic,https://www.youtube.com/watch?v=khsCIvJiMb4
ksNGAtN9QL0,2025-01-14 (07:00) 언젠간가겠지? #암호화폐 #코인 #리플 #하이파이 #시아코인 #도지코인 #비트토렌토 #시바이누,폭 삭았수다,1615,주식 리딩방 법원 판결,8. 실제 사건·판결·뉴스,off_topic,https://www.youtube.com/watch?v=ksNGAtN9QL0
kt2EL6--TsE,[#실화멘터리] 삶을 뒤흔드는 투자 사기 #150억원스캔들 #신이라불리는남자 #실화탐사대 #실화On MBC231109방송,실화 On,165803,주식 투자 사기 실제 사건,8. 실제 사건·판결·뉴스,off_topic,https://www.youtube.com/watch?v=kt2EL6--TsE
m1_6HJ9y_ZM,긴급 60대에 빚더미? 투자 실패 후 깨달은 노후의 비밀,행복한 은퇴생활,402,60대 주식 투자 실패,2. 50·60대와 노후자금,off_topic,https://www.youtube.com/watch?v=m1_6HJ9y_ZM
mNUf-OkbQRo,보이스피싱 당했다가 오히려 1억 번 여성 / KNN,KNN NEWS,779342,주식 리딩방 법원 판결,8. 실제 사건·판결·뉴스,off_topic,https://www.youtube.com/watch?v=mNUf-OkbQRo
mSfl7lqisFc,연금저축 IRP 납입 방법 정리,주식부엉,1711514,60대 주식 투자 실패,2. 50·60대와 노후자금,off_topic,https://www.youtube.com/watch?v=mSfl7lqisFc
mbzL0mdFUnw,남편의 비트코인 투자실패로 빚 4억이 생긴 애기엄마,피플빌리지,164853,주식 투자 실패 다큐멘터리,9. 사연·썰·다큐 포맷,off_topic,https://www.youtube.com/watch?v=mbzL0mdFUnw
msQI_OyhD5U,주담대는 이렇게 갚는 게 가장 이득입니다 #주택담보대출 #황준성 #리얼캐스트,리얼캐스트TV,191227,60대 주식 투자 주의사항,7. 교훈과 예방,off_topic,https://www.youtube.com/watch?v=msQI_OyhD5U
njMnWYT802c,200만원으로 돌려본 자동매매 프로그램 #비트코인 #자동매매 #현물,비트코인 자동매매 이야기,120024,주식 자동매매 사기 사례,4. 사기·추천방 피해,off_topic,https://www.youtube.com/watch?v=njMnWYT802c
o3mSVknZvOg,Tqqq 장기투자 수익률 공개합니다,전프로 JEON PRO,483106,주식 물타기 실패 사례,1. 실제 투자 실패·손실 사연,off_topic,https://www.youtube.com/watch?v=o3mSVknZvOg
o84rxDNxo0g,해외선물 매매 실패사례를 보면 수익이 보인다!,해외선물 테오,4269,주식 자동매매 사기 사례,4. 사기·추천방 피해,off_topic,https://www.youtube.com/watch?v=o84rxDNxo0g
oXRRp1Iv1aQ,"코인 투자, 법적으로 원금 돌려받을 수 있는 방법!",로그인 - JY법률사무소,365,주식 리딩방 법원 판결,8. 실제 사건·판결·뉴스,off_topic,https://www.youtube.com/watch?v=oXRRp1Iv1aQ
p5_pNLzVDhw,19초만에 3천만원 단타 익절 영상,코인진,457013,주식 자동매매 사기 사례,4. 사기·추천방 피해,off_topic,https://www.youtube.com/watch?v=p5_pNLzVDhw
pW0dhhbrj0Q,"이혼 재산 분할, 다 뺏기고 싶지 않다면 이것을 알아야 합니다",조성구 변호사의 슬기로운 이혼수업,72088,주식 손실 이혼 판결,8. 실제 사건·판결·뉴스,off_topic,https://www.youtube.com/watch?v=pW0dhhbrj0Q
pWsLZMZBjJU,투자 실패로 10억 날린 남편에게 날아온 소장? -화성인 부부- #오은영리포트레전드 #MBCLIFE MBC250616방송,MBClife,279852,부부 주식 투자 갈등,3. 가족 갈등,off_topic,https://www.youtube.com/watch?v=pWsLZMZBjJU
pzHZPEOz6y4,[Tập 1] Xuyên Về Năm 1960 Cảnh Sát Nhỏ Trong Tứ Hợp Viện | Xuyên Không Sở Hữu Tùy Thân Không Gian,Tài Dino Studio,7323,주식 손실 회복하려다 더 잃은 사연,6. 큰 하락과 공포,off_topic,https://www.youtube.com/watch?v=pzHZPEOz6y4
qpT0WyJGAjs,[#유퀴즈] 도파민 팡팡! 터진다의 바로 그 도파민과 도박중독의 무시무시한 연관성💥 전문의가 알려주는 쾌락의 위험,샾잉 #ing,1423000,주식 중독 실제 사례,6. 큰 하락과 공포,off_topic,https://www.youtube.com/watch?v=qpT0WyJGAjs
qvtMkiHArpw,"[심층인터뷰] “절차는 문제, 법은 유효” / KBS  2023.03.23.",KBS News,1692,주식 리딩방 법원 판결,8. 실제 사건·판결·뉴스,off_topic,https://www.youtube.com/watch?v=qvtMkiHArpw
r5lP7IF_mGw,이런 빚이 있다면 당장 파혼하세요,한방언니,70444,주식 손실 숨긴 아내,3. 가족 갈등,off_topic,https://www.youtube.com/watch?v=r5lP7IF_mGw
r_cHnadSbbY,[2022년 7월 15일 판례공보] 형사 2022. 5. 26. 선고 2018도13864 판결 〔자본시장과금융투자업에관한법률위반〕,법원도서관,366,주식 리딩방 법원 판결,8. 실제 사건·판결·뉴스,off_topic,https://www.youtube.com/watch?v=r_cHnadSbbY
rsYPQXFig_s,"아내는 남편과 그의 정부가 침대에서 불륜을 저지르고 있는 것을 발견했다, 아내 산 채로 불타! 1년 후 200kg 감량 복수, 그들에게 대가 치르게! #잿더미에서 다시 태어나다",星棠短劇社ShortTV,6509,주식 손실 숨긴 아내,3. 가족 갈등,off_topic,https://www.youtube.com/watch?v=rsYPQXFig_s
s9W6cYIjfD8,부부의 경제적 가치관이 중요한 이유,직장인으로 살아남기,2862,부부 주식 투자 갈등,3. 가족 갈등,off_topic,https://www.youtube.com/watch?v=s9W6cYIjfD8
smsrFLb8Suk,코인 투자 실패로 3억 잃고 깨달은 사실,사장찍어주는남자,494148,레버리지 투자 실패 사연,5. 특정 투자 방식 실패,off_topic,https://www.youtube.com/watch?v=smsrFLb8Suk
tA92LZdstrw,돈 되는 구축 아파트 고르는 방법,월급쟁이부자들TV,370183,60대 주식 투자 주의사항,7. 교훈과 예방,off_topic,https://www.youtube.com/watch?v=tA92LZdstrw
ttEnbtvCXEw,2030이 영끌해서 집 사는 이유,월급쟁이부자들TV,1795761,노후 주식 투자 후회,2. 50·60대와 노후자금,off_topic,https://www.youtube.com/watch?v=ttEnbtvCXEw
tzjpAICd_qg,[#유퀴즈온더블럭] 5억에 삶이 망가져버린 평범한 회사원💥 도박 중독 전문의가 말하는 도박 중독이 진짜 무서운 이유🔥,디글 :Diggle,175112,주식 중독 실제 사례,6. 큰 하락과 공포,off_topic,https://www.youtube.com/watch?v=tzjpAICd_qg
uRtU2Fo3G0k,'회삿돈으로 200억 대 호화별장'...이화경 부회장 검찰 송치,MBN News,1409,주식 손실 숨긴 남편,3. 가족 갈등,off_topic,https://www.youtube.com/watch?v=uRtU2Fo3G0k
utfw86RrMVE,삼성역 30대 직장인 현실 저축액,싱글파이어,3644496,부부 주식 투자 갈등,3. 가족 갈등,off_topic,https://www.youtube.com/watch?v=utfw86RrMVE
vRHZheY3EhU,‘오스템임플란트 횡령’ 피의자 부친·여동생 집 등 3곳 압수수색 / KBS  2022.01.10.,KBS News,5149,주식 손실 숨긴 아내,3. 가족 갈등,off_topic,https://www.youtube.com/watch?v=vRHZheY3EhU
w5X4SFIfqiI,천재 장동민 수익률 1600% 찍고도 그만둔 이유,쩐의 흐름,603088,주식 사연 읽어주는,9. 사연·썰·다큐 포맷,off_topic,https://www.youtube.com/watch?v=w5X4SFIfqiI
wf4CZd5FUhI,"""60·70대 평균 자산은 00억원?"" 은퇴 후 90%가 고민하는 현실적인 생활비 (이상건 센터장 통합본)",책과삶,508800,은퇴 후 주식 투자 주의사항,7. 교훈과 예방,off_topic,https://www.youtube.com/watch?v=wf4CZd5FUhI
wffpbIMq9jQ,도박을 하면 안되는 이유 중독상담은 1336  #shorts #바카라,스쳐지나간이야기,205073,주식 손실 회복하려다 더 잃은 사연,6. 큰 하락과 공포,off_topic,https://www.youtube.com/watch?v=wffpbIMq9jQ
xEXZ6xvV-aw,"65세까지 3억만 모으세요, 앞으로 평생 돈 걱정 끝이다 (85만 경제 유튜버 박곰희 작가)",김작가 TV,1447321,노후 주식 투자 후회,2. 50·60대와 노후자금,off_topic,https://www.youtube.com/watch?v=xEXZ6xvV-aw
x_C7HFsorV4,[#오은영리포트 결혼지옥] 투자 실패로 생활고 겪는 부부 ＂10억 벌어 놓은 게 다 날아갔어요＂ -화성인부부 3-  #엠뚜루마뚜루 #볼꼬양 MBC250616방송,엠뚜루마뚜루 : MBC 공식 종합 채널,1733570,부부 주식 투자 갈등,3. 가족 갈등,off_topic,https://www.youtube.com/watch?v=x_C7HFsorV4
xwewaispmMU,"48세 가장, 3천만원 빚에 독설 아내 등 돌리나, 그런데 내부 정보는 배신한 전 직장 동료의 함정이었다",운명의 빛 극장,76,주식 손실 숨긴 아내,3. 가족 갈등,off_topic,https://www.youtube.com/watch?v=xwewaispmMU
y8_6ioRCTEU,"남편은 그녀가 너무 뚱뚱하다는 이유로 바람을 피우고 이혼을 강요했다! 그녀는 200파운드를 감량하고 아름다워졌고, 전 남편은 후회했다! #revengedrama #복수",林熙劇場LuckyDrama,394737,주식 손실 숨긴 남편,3. 가족 갈등,off_topic,https://www.youtube.com/watch?v=y8_6ioRCTEU
ypC3KZ-_3mM,순식간에 가진 걸 다 잃었다. 투자 실패하고 일용직 잡부로 다시 일어선 25살 청년 이야기｜누구보다 성실한 대한민국 청년 이야기｜다큐시선｜#골라듄다큐,EBSDocumentary (EBS 다큐),452595,주식 투자 실패 다큐멘터리,9. 사연·썰·다큐 포맷,off_topic,https://www.youtube.com/watch?v=ypC3KZ-_3mM
yqRhGPZt-kI,"정태수 살아있나... 4남 정한근 해외도피 21년, 검찰은 공소시효를 어떻게 유지했나",법률방송,86,주식 손실 숨긴 아내,3. 가족 갈등,off_topic,https://www.youtube.com/watch?v=yqRhGPZt-kI
zBz6qBO6hk8,"61. 은퇴 후 투자 실패? 아니요, 저는 삶을 다시 배웠습니다.| 인생사연 | 60대",안드레,18,60대 주식 투자 실패,2. 50·60대와 노후자금,off_topic,https://www.youtube.com/watch?v=zBz6qBO6hk8
zI-qK78mKvE,돈 때문에 세상이 무너졌다... 사기 당했거나 투자에 실패한 사람들의 이야기 | 추적60분 KBS 방송,KBS 추적60분,3404628,주가 폭락 실제 투자자 사연,6. 큰 하락과 공포,off_topic,https://www.youtube.com/watch?v=zI-qK78mKvE
zI7Gag2s41c,은퇴 노후에 먼저 투자해야 할 곳,단희TV,12649,은퇴 후 주식 투자 주의사항,7. 교훈과 예방,off_topic,https://www.youtube.com/watch?v=zI7Gag2s41c
zRV7K_Fgo-Q,속이 메스꺼워지는 실제 도박중독후기들 part3,속풀이짬뽕알뜰세트,483706,주식 중독 실제 사례,6. 큰 하락과 공포,off_topic,https://www.youtube.com/watch?v=zRV7K_Fgo-Q
