keyword,category,serp_n,serp_relevant_n,relevant_share,content_gap,demand_vpd,serp_median_views,competition_subs,big_share,small_share,small_win_share,fresh_share,shorts_share_serp,top_channel_share,n_videos,n_perf,median_outlier,success_rate,n_success,best_format,total_results,ac_score,example_ids,small_example_ids,navigational,score_demand_vpd,score_ac_score,score_small_win_share,score_median_outlier,score_fresh_share,score_low_competition,score_content_gap,opportunity
주식 자동매매 사기 사례,4. 사기·추천방 피해,20,13,0.65,0.35,543.683619418225,251558.0,26000.0,0.23076923076923078,0.15384615384615385,0.05,0.0,0.38461538461538464,0.1,35,12,4.263562505459946,0.5,6,long,44092,0.5,"_BAdI9THvYc, WI13naqAtPc, 1ET2AtpZbfA, CgniMVyJtmg, 9E9OrcoMCjk, dIDo9FUVODs, C0g0PO_DOwk, 35wTLgQSjrQ, H09pTO3ntaw, mA2m_Tm-_nY",1ET2AtpZbfA,False,0.744,0.782,0.462,0.718,0.051,0.769,0.974,68.3
주식 폭락 전재산 손실,6. 큰 하락과 공포,20,15,0.75,0.25,726.9263316401161,169462.0,138000.0,0.6,0.06666666666666667,0.05,0.3333333333333333,0.4,0.3,41,21,3.1855775803144226,0.3333333333333333,7,shorts,57062,0.5,"M0fHTKInPNc, RXft-lAkSqU, 7FrJ3wuJDaY, UQU-1yRyzCg, 3fmFpSlxHIc, yERWAxUcgCY, 09R51bZ_29Q, 84mvBs7zTNc, IbKt7z14sk4, DSDUvGS-8Yg","UQU-1yRyzCg, 84mvBs7zTNc",False,0.897,0.782,0.462,0.538,0.936,0.385,0.885,68.1
주식 투자자가 가장 후회하는 것,7. 교훈과 예방,20,17,0.85,0.15000000000000002,1319.4641958345644,513628.0,25100.0,0.4117647058823529,0.11764705882352941,0.1,0.058823529411764705,0.6470588235294118,0.4,41,12,3.78106200515643,0.4166666666666667,5,shorts,135481,0.0,"-8adMPsAYkk, 7FrJ3wuJDaY, J0bSx02kr3c, 2PlT7tMrxyE, yERWAxUcgCY, 1W-I-wmDHlU, 8yTzMiuWY6U, gQPTUX4bdUY, _XSlrHzm1CE, JLca0QXL-ao",,False,0.974,0.064,0.769,0.615,0.346,0.833,0.705,68.1
50대 주식 투자 실패,2. 50·60대와 노후자금,20,17,0.85,0.15000000000000002,623.411167635509,60788.0,33800.0,0.35294117647058826,0.23529411764705882,0.1,0.17647058823529413,0.058823529411764705,0.2,38,18,2.7969851689764162,0.3888888888888889,7,long,967462,0.413,"iacwbUHyqv4, 8_YxWzVTbro, X08HjlsEvpo, sEzSDUgvY28, SoM3W-Cxess, 7FrJ3wuJDaY, EBJ4XA57b7g, k4IbtLJvpLQ, DM-WtV8MnaU, 47P-C325w44",sEzSDUgvY28,False,0.821,0.385,0.769,0.462,0.667,0.705,0.705,67.2
주식 물타기 실패 사례,1. 실제 투자 실패·손실 사연,20,18,0.9,0.09999999999999998,910.0508971572413,499434.0,122000.0,0.5555555555555556,0.16666666666666666,0.05,0.05555555555555555,0.4444444444444444,0.1,43,11,5.779482117093173,0.5454545454545454,6,long,8058,0.5,"SoM3W-Cxess, 7FrJ3wuJDaY, 9ywcAN762pk, J0bSx02kr3c, 3fmFpSlxHIc, yERWAxUcgCY, 4COmUidzKEQ, Sc-cV9y4LKg, 135JdQOqIq4, vqnmHQ156Pg",,False,0.923,0.782,0.462,0.897,0.269,0.436,0.526,66.2
주식으로 전재산 잃은 사연,1. 실제 투자 실패·손실 사연,20,18,0.9,0.09999999999999998,261.14358304622914,51754.5,29400.0,0.3333333333333333,0.2222222222222222,0.15,0.2222222222222222,0.2222222222222222,0.1,44,21,4.177343964806159,0.3333333333333333,7,long,34091,0.413,"8_YxWzVTbro, RXft-lAkSqU, 7FrJ3wuJDaY, afhzHSMW0ac, 9TTgn41v558, E8UH8cPFgnY, 3fmFpSlxHIc, wZosp2n1onA, 5Cmpqsy1Qig, Gy_2vA9H9Zo","afhzHSMW0ac, 9TTgn41v558, 4OMJRLxkVQo",False,0.59,0.385,0.897,0.692,0.808,0.744,0.526,65.8
은퇴 후 주식 투자 실패,2. 50·60대와 노후자금,20,19,0.95,0.050000000000000044,257.1331132093612,47152.0,33800.0,0.15789473684210525,0.3157894736842105,0.15,0.15789473684210525,0.10526315789473684,0.2,38,27,5.043288913863691,0.48148148148148145,13,long,217049,0.44,"Z_ul2wo7NHs, 8_YxWzVTbro, M0fHTKInPNc, sEzSDUgvY28, SoM3W-Cxess, 7FrJ3wuJDaY, eUEv3wALmL8, x6oGcyrp-TU, 5h6YRRdgZnc, 6E_PZFqIBJM","Z_ul2wo7NHs, sEzSDUgvY28, e6X2ZlQuMYo",False,0.564,0.551,0.897,0.795,0.641,0.705,0.308,65.1
주가 폭락 실제 투자자 사연,6. 큰 하락과 공포,20,18,0.9,0.09999999999999998,1230.4668013002208,252808.5,199500.0,0.6666666666666666,0.1111111111111111,0.1,0.3333333333333333,0.4444444444444444,0.3,41,22,5.2157531091662825,0.4090909090909091,9,shorts,7904,0.4,"M0fHTKInPNc, 7FrJ3wuJDaY, UQU-1yRyzCg, J0bSx02kr3c, HRXxuXxzGfs, 9TTgn41v558, r3r29IB2YYE, Qanr7lyGORA, 71QSyo_i4js, IbKt7z14sk4","UQU-1yRyzCg, 9TTgn41v558, Qanr7lyGORA",False,0.949,0.231,0.769,0.821,0.936,0.282,0.526,64.9
60대 주식 투자 주의사항,7. 교훈과 예방,20,16,0.8,0.19999999999999996,497.45394262649125,336250.5,12200.0,0.375,0.4375,0.05,0.0,0.75,0.2,29,11,7.421970874250089,0.36363636363636365,4,shorts,249687,0.413,"Glk3J5ka-AA, 8m9Y3qJgcXo, Wf77aiQMFsU, FWxJk_ofxwg, XE9w9K2TjPo, OsOK2HdXe1A, 5h2qIktbbKg, FEcE_2LWpXo, inBPJcYzbQ4, bNy5MzyuX84",,False,0.692,0.385,0.462,0.974,0.051,0.923,0.808,64.2
주식으로 망한 사람 인터뷰,9. 사연·썰·다큐 포맷,20,18,0.9,0.09999999999999998,2019.0539320316634,694962.5,803000.0,0.8333333333333334,0.1111111111111111,0.05,0.1111111111111111,0.0,0.2,44,19,16.247411568529238,0.631578947368421,12,long,392731,0.45,"5MHq-kzFDu8, 8d8lurBu7bU, 8_YxWzVTbro, sEzSDUgvY28, RXft-lAkSqU, 7FrJ3wuJDaY, yS4mIahougw, J0bSx02kr3c, 6E_PZFqIBJM, _8z2XgRx4LY","5MHq-kzFDu8, sEzSDUgvY28",False,1.0,0.603,0.462,1.0,0.526,0.064,0.526,62.1
레버리지 투자 실패 사연,5. 특정 투자 방식 실패,20,19,0.95,0.050000000000000044,559.7465498241381,77334.0,140000.0,0.5789473684210527,0.10526315789473684,0.05,0.42105263157894735,0.15789473684210525,0.2,41,34,4.745773814022623,0.2647058823529412,9,shorts,15369,0.5,"7FrJ3wuJDaY, mfFFySbsmuk, EBJ4XA57b7g, otsz0tROdXI, Aq3m48k30eQ, R0Mi8IWJp3U, EFigjoIV23o, 0DePbyx9TFY, eaBcTJNH-ps, J2TF2HxODAQ","mfFFySbsmuk, otsz0tROdXI, AyJLX9BaXTM",False,0.769,0.782,0.462,0.769,1.0,0.359,0.308,61.3
주식 손실 고백,9. 사연·썰·다큐 포맷,20,19,0.95,0.050000000000000044,446.8480517430588,139039.0,107000.0,0.5263157894736842,0.10526315789473684,0.05,0.21052631578947367,0.15789473684210525,0.1,45,20,3.4478117326545266,0.4,8,shorts,63562,0.667,"xO2oyVn_xUE, J0bSx02kr3c, OKHm1gUNyPA, lx7M53p6KKs, CEwFM7eGRxE, VIzEAO_NdJk, OXw8UGhvZ2U, 09R51bZ_29Q, s9xzey_UKMA, wY88tkcVMA4","OKHm1gUNyPA, CEwFM7eGRxE",False,0.667,1.0,0.462,0.564,0.769,0.462,0.308,60.4
주식 손실 실제 경험담,7. 교훈과 예방,20,20,1.0,0.0,527.6025541711354,129458.5,62800.0,0.45,0.1,0.05,0.1,0.3,0.1,43,18,5.707678016592459,0.5,9,shorts,160447,0.5,"7FrJ3wuJDaY, 6F-_ZkwD270, J0bSx02kr3c, lx7M53p6KKs, ybNnSk3fNzQ, kYoTeBWbIg4, 2PlT7tMrxyE, kGUHZaWDT6Y, VIzEAO_NdJk, 09R51bZ_29Q","kGUHZaWDT6Y, 7z0JwxbOXx4",False,0.718,0.782,0.462,0.872,0.423,0.551,0.115,59.2
은퇴 후 주식 투자 주의사항,7. 교훈과 예방,20,16,0.8,0.19999999999999996,388.8518949850643,86054.0,90350.0,0.4375,0.125,0.05,0.125,0.0625,0.2,36,26,3.5278618278862597,0.46153846153846156,12,shorts,96698,0.44,"Z_ul2wo7NHs, uYiKAfx04ZU, e3EY2JJMgDw, 3cJJQawElVo, 9w48QQyB0z8, eUEv3wALmL8, GExHjqnuV8A, FWxJk_ofxwg, 5h6YRRdgZnc, L7xM8HhW3sk",Z_ul2wo7NHs,False,0.615,0.551,0.462,0.59,0.603,0.487,0.808,57.2
주식 손실 회복하려다 더 잃은 사연,6. 큰 하락과 공포,20,18,0.9,0.09999999999999998,190.7048983063981,47353.5,25750.0,0.3888888888888889,0.16666666666666666,0.15,0.2222222222222222,0.2777777777777778,0.4,21,10,1.863298662704309,0.3,3,long,27,0.333,"kGUHZaWDT6Y, vRnk8TItKBw, T63wFhVnEN4, IbKt7z14sk4, DSDUvGS-8Yg, FoeAZm3z_RU, I3px81kDEO8, gBpwTKMsgBo, Q7SjKR9xwdg, TRoa54zn5Q0","kGUHZaWDT6Y, Q7SjKR9xwdg",False,0.487,0.154,0.897,0.308,0.808,0.795,0.526,56.7
주식 투자 사기 실제 사건,8. 실제 사건·판결·뉴스,20,17,0.85,0.15000000000000002,705.4220791602501,304190.0,922000.0,0.7058823529411765,0.23529411764705882,0.2,0.058823529411764705,0.11764705882352941,0.2,43,13,1.7040693457804887,0.07692307692307693,1,long,533228,0.4,"7FrJ3wuJDaY, 9bdIbKz2OqA, FKh409uYyc0, Gnla3EIW1JY, DCjGhBxorgw, gwNY4WEAChw, yjzdV3t-Xq8, z5Mn3VNi3GQ, 5mPQxitgvTA, crHdBsaydU4",,False,0.846,0.231,0.987,0.282,0.346,0.026,0.705,56.3
주식 장기투자 실패 사례,1. 실제 투자 실패·손실 사연,20,18,0.9,0.09999999999999998,250.7701844017779,121439.0,36000.0,0.3333333333333333,0.05555555555555555,0.05,0.05555555555555555,0.05555555555555555,0.2,42,17,2.8524241999387265,0.35294117647058826,6,long,159145,0.5,"iacwbUHyqv4, 8d8lurBu7bU, 8_YxWzVTbro, M0fHTKInPNc, 2Qx0fmjcWp8, jRxhY7MF26Q, yERWAxUcgCY, RZ6lKACddVI, 9CQT1UCuYLI, s9xzey_UKMA",,False,0.538,0.782,0.462,0.513,0.269,0.667,0.526,56.2
노후 주식 투자 후회,2. 50·60대와 노후자금,20,14,0.7,0.30000000000000004,721.0277077150943,118797.0,207000.0,0.6428571428571429,0.07142857142857142,0.0,0.2857142857142857,0.42857142857142855,0.2,31,19,4.150437505017259,0.47368421052631576,9,shorts,352548,0.413,"wsy11BC4NDc, hbBABRmu93Q, 7FrJ3wuJDaY, x6oGcyrp-TU, 9Cuwjx-uGrY, EKqZ2YyMEpo, Vadt13pc2b0, vRnk8TItKBw, Ea_7h_ddvMA, w3XnDONWFms",,False,0.872,0.385,0.115,0.667,0.872,0.256,0.936,54.1
60대 주식 투자 실패,2. 50·60대와 노후자금,20,18,0.9,0.09999999999999998,64.2059800100622,28712.0,50800.0,0.2777777777777778,0.3333333333333333,0.1,0.1111111111111111,0.05555555555555555,0.2,31,16,4.695369164961875,0.375,6,long,468872,0.413,"UZ8moQHNjAk, X08HjlsEvpo, SoM3W-Cxess, s-ybdHYKfpU, 7FrJ3wuJDaY, EBJ4XA57b7g, 1dnExeKVraM, vRnk8TItKBw, bRt3eEfBCHY, nc-1KSipcR0","s-ybdHYKfpU, 1dnExeKVraM, KCgt9_NtJoY",False,0.256,0.385,0.769,0.744,0.526,0.615,0.526,52.1
주식 사연 읽어주는,9. 사연·썰·다큐 포맷,20,19,0.95,0.050000000000000044,66.5619721467801,32290.0,22700.0,0.3157894736842105,0.10526315789473684,0.05,0.10526315789473684,0.21052631578947367,0.1,42,18,6.055733948593917,0.3333333333333333,6,long,195345,0.433,"Dm9ZPMFkGms, iacwbUHyqv4, BASWRHaJMR4, s-ybdHYKfpU, 7FrJ3wuJDaY, rLxQxy8duCQ, J0bSx02kr3c, lx7M53p6KKs, IbKt7z14sk4, W55Ph81aRAI","s-ybdHYKfpU, rLxQxy8duCQ",False,0.282,0.513,0.462,0.923,0.474,0.872,0.308,51.7
주식 단톡방 사기 사례,4. 사기·추천방 피해,20,19,0.95,0.050000000000000044,236.27088953366174,124325.0,517000.0,0.5263157894736842,0.21052631578947367,0.15,0.10526315789473684,0.15789473684210525,0.1,40,15,3.9211786372007364,0.0,0,long,6044,0.413,"CEwKWiP6LtI, X_pFC26chKg, aWZi3WlEU-0, sw-IcMOqXXg, 9bdIbKz2OqA, eLn1KuRgSkU, z5Mn3VNi3GQ, 5mPQxitgvTA, crHdBsaydU4, 99XhpqUL-Go",,False,0.513,0.385,0.897,0.641,0.474,0.205,0.308,51.5
부부 주식 투자 갈등,3. 가족 갈등,20,16,0.8,0.19999999999999996,425.5679036188503,128331.5,159500.0,0.5625,0.1875,0.05,0.3125,0.4375,0.1,39,21,1.5121813031161473,0.14285714285714285,3,long,215941,0.413,"-vPbgWEJg_g, -0MSaJ8G_Tc, wX6ukGgxwXY, zlk8BbNbLOg, 2kDIbVwxQYI, D9fwG6i8rb4, XVwTGxVrcoA, l-RJhCpTU3s, 8-oo-M3SWOk, p2n54n2bNFw","-vPbgWEJg_g, -0MSaJ8G_Tc, XVwTGxVrcoA",False,0.641,0.385,0.462,0.231,0.897,0.333,0.808,50.9
주식 투자 후회 사연,1. 실제 투자 실패·손실 사연,20,19,0.95,0.050000000000000044,75.77657964771839,41548.0,25100.0,0.2631578947368421,0.05263157894736842,0.05,0.05263157894736842,0.15789473684210525,0.3,44,17,2.2961985054706266,0.29411764705882354,5,long,184965,0.5,"Dm9ZPMFkGms, a8uDvaT2wiE, 7FrJ3wuJDaY, kYoTeBWbIg4, 2PlT7tMrxyE, yERWAxUcgCY, 9CQT1UCuYLI, Gy_2vA9H9Zo, IbKt7z14sk4, s9xzey_UKMA",a8uDvaT2wiE,False,0.308,0.782,0.462,0.385,0.205,0.833,0.308,49.1
주식 중독 실제 사례,6. 큰 하락과 공포,20,17,0.85,0.15000000000000002,563.6284361778065,136269.0,803000.0,0.8823529411764706,0.0,0.0,0.11764705882352941,0.0,0.1,40,14,1.8804074615790172,0.14285714285714285,2,long,81618,0.5,"7FrJ3wuJDaY, I5hu8sTZmwg, yERWAxUcgCY, s9xzey_UKMA, KkPX2Abrp0g, navHus2RRw4, mder-opXfws, dE5I9CEC1qI, DUCGcfFmKic, Pb3MEAsUxk4",,False,0.795,0.782,0.115,0.333,0.564,0.064,0.705,48.1
주식 손실 숨긴 남편,3. 가족 갈등,20,15,0.75,0.25,5.646515167945911,1624.0,6250.0,0.2,0.6,0.0,0.26666666666666666,0.5333333333333333,0.1,24,10,1.1295045861548876,0.0,0,shorts,198,0.5,"M8-SD1r0ZRE, ySNGCU81iqA, PtfpU_NPz5Y, O-5rXZCNzRc, U0oscFOBIUI, YBv7MYNebRc, eRMWhBh2uR0, pyMJfQlk4WA, IGc8AcOqf_w, vK6BkRVl_s0",,False,0.09,0.782,0.115,0.179,0.846,0.974,0.885,45.8
주식 손실 숨긴 아내,3. 가족 갈등,20,11,0.55,0.44999999999999996,5.646515167945911,2928.0,10400.0,0.2727272727272727,0.45454545454545453,0.0,0.18181818181818182,0.5454545454545454,0.1,18,7,0.8331970564186427,0.0,0,shorts,219,0.5,"ySNGCU81iqA, PtfpU_NPz5Y, U0oscFOBIUI, YBv7MYNebRc, pyMJfQlk4WA, hfYu6n7LMU0, vK6BkRVl_s0",,False,0.09,0.782,0.115,0.051,0.692,0.949,1.0,44.5
주식 손실 이혼 판결,8. 실제 사건·판결·뉴스,20,18,0.9,0.09999999999999998,4.922646304130772,2381.5,16000.0,0.2222222222222222,0.3888888888888889,0.05,0.05555555555555555,0.3888888888888889,0.1,41,14,1.099563953488372,0.0,0,long,437,0.5,"M8-SD1r0ZRE, FICSfRKACuA, mtmeYRjFqdw, tiVf_nA12Cs, CSMHAO7cvcg, fSi1Mj5xXZE, jp1ggsBis6E, mzftyZ8EhFU, WhaF07LpARQ, wt7IZrBPk8M",,False,0.051,0.782,0.462,0.154,0.269,0.897,0.526,43.8
미국 주식 투자 실패 사연,5. 특정 투자 방식 실패,20,20,1.0,0.0,31.630623481057654,11810.0,41550.0,0.2,0.1,0.0,0.2,0.0,0.3,43,24,2.505819644144315,0.20833333333333334,5,long,156835,0.6,"8_YxWzVTbro, SoM3W-Cxess, 7FrJ3wuJDaY, EBJ4XA57b7g, otsz0tROdXI, Z8caq-6Eb7I, kYoTeBWbIg4, wZosp2n1onA, 5Cmpqsy1Qig, 9CQT1UCuYLI",otsz0tROdXI,False,0.179,0.974,0.115,0.436,0.731,0.641,0.115,40.2
테마주 투자 실패 사례,5. 특정 투자 방식 실패,20,16,0.8,0.19999999999999996,143.0304477275142,80267.5,77750.0,0.4375,0.0,0.0,0.125,0.125,0.2,41,20,5.406164190351141,0.5,10,shorts,12835,0.0,"8_YxWzVTbro, M0fHTKInPNc, sEzSDUgvY28, SoM3W-Cxess, EBJ4XA57b7g, 9ywcAN762pk, otsz0tROdXI, J0bSx02kr3c, kYoTeBWbIg4, yERWAxUcgCY","sEzSDUgvY28, otsz0tROdXI",False,0.359,0.064,0.115,0.846,0.603,0.513,0.808,39.5
주식 전문가 사칭 피해 사례,4. 사기·추천방 피해,20,20,1.0,0.0,190.12461902325293,124879.5,637000.0,0.6,0.25,0.15,0.05,0.15,0.2,49,21,1.4421428571428572,0.14285714285714285,3,long,54540,0.4,"s0HnYY8sK94, WDJxMp0ID-Q, 7FrJ3wuJDaY, J0bSx02kr3c, e2iGs0400ps, 9bdIbKz2OqA, K2nfxM3Q2TY, 7f5dN9ShaEs, FNrA2igcsoM, WSDYkrT7mSI",s0HnYY8sK94,False,0.462,0.231,0.897,0.205,0.141,0.154,0.115,39.2
주식 리딩방 피해 사례,4. 사기·추천방 피해,20,20,1.0,0.0,169.56980616956966,65031.0,702000.0,0.6,0.25,0.1,0.05,0.15,0.2,50,17,2.4635719487622785,0.0,0,long,98021,0.413,"V5u3sqsVSxw, CEwKWiP6LtI, X_pFC26chKg, 9bdIbKz2OqA, Gnla3EIW1JY, Gk0yCsf9rbc, 9dcUGC6zMXQ, bdm8r6hYkwE, crHdBsaydU4, 5mPQxitgvTA",,False,0.41,0.385,0.769,0.41,0.141,0.103,0.115,38.9
주식 실패 사연 라디오,9. 사연·썰·다큐 포맷,20,20,1.0,0.0,36.1325734989048,15780.5,56550.0,0.15,0.05,0.05,0.2,0.0,0.4,50,28,1.9539172580474506,0.21428571428571427,6,long,74558,0.413,"8_YxWzVTbro, M0fHTKInPNc, 7FrJ3wuJDaY, tpemw_8iBGg, EBJ4XA57b7g, kYoTeBWbIg4, wZosp2n1onA, e6X2ZlQuMYo, 5Cmpqsy1Qig, 1uQlTumXP3g","tpemw_8iBGg, e6X2ZlQuMYo",False,0.205,0.385,0.462,0.359,0.731,0.59,0.115,37.4
작전주 피해 실제 사례,5. 특정 투자 방식 실패,20,19,0.95,0.050000000000000044,147.8359504503435,170709.0,213000.0,0.631578947368421,0.21052631578947367,0.2,0.0,0.6842105263157895,0.3,49,6,0.4,0.16666666666666666,1,long,234,0.0,"SfxCgc-5cm0, dAVC997yegs, KtJZCI5fM5s, Niyskk9VgLM, NDI4H18usZI, 2vDhFTgMd6Q",,False,0.385,0.064,0.987,0.026,0.051,0.231,0.308,37.4
상장폐지 주식 피해 사례,5. 특정 투자 방식 실패,20,20,1.0,0.0,14.612915472748469,21631.0,131400.0,0.5,0.3,0.05,0.1,0.15,0.1,48,13,6.4,0.3076923076923077,4,shorts,10900,0.375,"-yOHXbtp0HA, AF4ZZmgkT1Y, 7FrJ3wuJDaY, n6NalEd6UZE, yERWAxUcgCY, d_ziXjAEnZs, Tj9riMxxxgo, VY59jszDazY, mCDxQlAHLA4, mS2MIhykPxw",,False,0.154,0.179,0.462,0.949,0.423,0.41,0.115,34.7
남편 몰래 주식 투자 사연,3. 가족 갈등,20,18,0.9,0.09999999999999998,179.2171360227534,11571.5,651500.0,0.6666666666666666,0.2222222222222222,0.05,0.3888888888888889,0.3888888888888889,0.1,44,22,0.9195624195624196,0.0,0,long,40677,0.0,"dtSX_nNDXp8, FICSfRKACuA, 4ztxyaOSFJA, nkLBGy9UQDo, GF2jswGAP8A, HuB73XjeUXo, 9Q1XHudxcO0, CzERjh7bG7Q, PiLXxpC_h6c, bmahDNdA928",,False,0.436,0.064,0.462,0.077,0.974,0.128,0.526,33.9
무료 주식 리딩방 사기,4. 사기·추천방 피해,20,20,1.0,0.0,108.39961876399114,86687.0,588500.0,0.6,0.15,0.05,0.05,0.35,0.2,50,16,1.6554112554112554,0.0,0,long,139674,0.45,"CEwKWiP6LtI, X_pFC26chKg, b_Ipm5Z_ri8, Gk0yCsf9rbc, -P0ZUAdnSrk, Um2oFVhIQz4, 9EA-koTYrZU, crHdBsaydU4, 2i9GLHMwN90, 5mPQxitgvTA",,False,0.333,0.603,0.462,0.256,0.141,0.179,0.115,33.7
주식 리딩방 법원 판결,8. 실제 사건·판결·뉴스,20,14,0.7,0.30000000000000004,1.7636384540755787,1249.5,165500.0,0.5714285714285714,0.42857142857142855,0.0,0.07142857142857142,0.42857142857142855,0.2,27,11,0.95,0.0,0,long,1200,0.5,"XD8ouSW5-l4, SeTsbXiofWc, x2hw5P9X7d4, ywV7cyfNk8U, dWIFsqvFOu4, ylw79J75KMI, foFBHdEoee4, XzfL3UgHvmc, qG_hUlaXa-8, pMf_8uBVrfM",,False,0.026,0.782,0.115,0.103,0.385,0.308,0.936,31.6
주식 망한 썰,9. 사연·썰·다큐 포맷,20,20,1.0,0.0,13.20691992033565,10679.5,62800.0,0.2,0.35,0.0,0.05,0.4,0.3,48,11,1.0647036032545525,0.18181818181818182,2,shorts,713192,0.55,"8_YxWzVTbro, VpcF7xfK2hs, 5Cmpqsy1Qig, X0u49tTjjxs, BtD-CczR4JQ, Ri7oDIrsmCc, ysKDdNTSXZ0, DqIxu3GUZoI, D_4Whq-XBkw, ccHZFwfsXyI",,False,0.128,0.949,0.115,0.128,0.141,0.551,0.115,31.2
고수익 주식 투자 사기,4. 사기·추천방 피해,20,18,0.9,0.09999999999999998,48.33321210917916,18137.5,1840000.0,0.7222222222222222,0.1111111111111111,0.05,0.05555555555555555,0.3888888888888889,0.2,46,15,2.811989100817439,0.0,0,long,185734,0.275,"CEwKWiP6LtI, 9bdIbKz2OqA, FKh409uYyc0, IE4WNsueaII, gwNY4WEAChw, 5mPQxitgvTA, eP3Fr3GvuIk, 2i9GLHMwN90, O01yXp929t4, DJyYCrGpevo",,False,0.231,0.128,0.462,0.487,0.269,0.0,0.526,28.4
주식 투자 실패 다큐멘터리,9. 사연·썰·다큐 포맷,20,17,0.85,0.15000000000000002,2573.8760654994226,947477.0,803000.0,0.8235294117647058,0.0,0.0,0.11764705882352941,0.11764705882352941,0.6,44,25,3.3892460487753633,0.28,7,long,80182,0.488,"8_YxWzVTbro, 7FrJ3wuJDaY, BDTfGFGcKpU, tNJxw9hoVT0, ietOEcoyl90, vRnk8TItKBw, yERWAxUcgCY, XIjpLadS674, 1uQlTumXP3g, s9xzey_UKMA",XVwTGxVrcoA,True,0.5,0.5,0.5,0.5,0.5,0.5,0.5,
