keyword,category,source,norm,src_order,ac_score,ac_depth,ac_matched_prefix,ac_suggestions,priority
주식 물타기 실패 사례,1. 실제 투자 실패·손실 사연,curated,주식물타기실패사례,5,0.5,0.5,주식 물타기,10,1
은퇴 후 주식 투자 실패,2. 50·60대와 노후자금,curated,은퇴후주식투자실패,12,0.44,0.8,은퇴 후 주식 투자,1,2
주식 손실 숨긴 남편,3. 가족 갈등,curated,주식손실숨긴남편,27,0.5,0.5,주식 손실,10,3
주식 자동매매 사기 사례,4. 사기·추천방 피해,curated,주식자동매매사기사례,39,0.5,0.5,주식 자동매매,10,4
미국 주식 투자 실패 사연,5. 특정 투자 방식 실패,curated,미국주식투자실패사연,48,0.6,0.6,미국 주식 투자,10,5
주식 폭락 전재산 손실,6. 큰 하락과 공포,curated,주식폭락전재산손실,50,0.5,0.5,주식 폭락,10,6
주식 손실 실제 경험담,7. 교훈과 예방,curated,주식손실실제경험담,68,0.5,0.5,주식 손실,10,7
주식 리딩방 법원 판결,8. 실제 사건·판결·뉴스,curated,주식리딩방법원판결,71,0.5,0.5,주식 리딩방,10,8
주식 손실 고백,9. 사연·썰·다큐 포맷,curated,주식손실고백,86,0.667,0.67,주식 손실,10,9
주식 장기투자 실패 사례,1. 실제 투자 실패·손실 사연,curated,주식장기투자실패사례,8,0.5,0.5,주식 장기투자,10,10
50대 주식 투자 실패,2. 50·60대와 노후자금,curated,50대주식투자실패,10,0.413,0.75,50대 주식 투자,1,11
주식 손실 숨긴 아내,3. 가족 갈등,curated,주식손실숨긴아내,28,0.5,0.5,주식 손실,10,12
무료 주식 리딩방 사기,4. 사기·추천방 피해,curated,무료주식리딩방사기,31,0.45,0.75,무료 주식 리딩방,2,13
레버리지 투자 실패 사연,5. 특정 투자 방식 실패,curated,레버리지투자실패사연,46,0.5,0.5,레버리지 투자,10,14
주식 중독 실제 사례,6. 큰 하락과 공포,curated,주식중독실제사례,57,0.5,0.5,주식 중독,10,15
은퇴 후 주식 투자 주의사항,7. 교훈과 예방,curated,은퇴후주식투자주의사항,62,0.44,0.8,은퇴 후 주식 투자,1,16
주식 손실 이혼 판결,8. 실제 사건·판결·뉴스,curated,주식손실이혼판결,72,0.5,0.5,주식 손실,10,17
주식 망한 썰,9. 사연·썰·다큐 포맷,curated,주식망한썰,81,0.55,1.0,주식 망한 썰,1,18
주식 투자 후회 사연,1. 실제 투자 실패·손실 사연,curated,주식투자후회사연,9,0.5,0.5,주식 투자,10,19
60대 주식 투자 실패,2. 50·60대와 노후자금,curated,60대주식투자실패,11,0.413,0.75,60대 주식 투자,1,20
부부 주식 투자 갈등,3. 가족 갈등,curated,부부주식투자갈등,22,0.413,0.75,부부 주식 투자,1,21
주식 리딩방 피해 사례,4. 사기·추천방 피해,curated,주식리딩방피해사례,30,0.413,0.75,주식 리딩방 피해,1,22
인버스 투자 실패 사례,5. 특정 투자 방식 실패,curated,인버스투자실패사례,47,0.413,0.75,인버스 투자 실패,1,23
주식 깡통 계좌 사연,6. 큰 하락과 공포,curated,주식깡통계좌사연,53,0.413,0.75,주식 깡통 계좌,1,24
50대 주식 투자 주의사항,7. 교훈과 예방,curated,50대주식투자주의사항,63,0.413,0.75,50대 주식 투자,1,25
퇴직금 투자 실패 뉴스,8. 실제 사건·판결·뉴스,curated,퇴직금투자실패뉴스,79,0.413,0.75,퇴직금 투자 실패,1,26
주식 투자 실패 다큐멘터리,9. 사연·썰·다큐 포맷,curated,주식투자실패다큐멘터리,88,0.488,0.75,주식 투자 실패,3,27
주식으로 전재산 잃은 사연,1. 실제 투자 실패·손실 사연,curated,주식으로전재산잃은사연,1,0.413,0.75,주식으로 전재산 잃은,1,28
노후 주식 투자 후회,2. 50·60대와 노후자금,curated,노후주식투자후회,19,0.413,0.75,노후 주식 투자,1,29
가족 돈 주식으로 잃은 사례,3. 가족 갈등,curated,가족돈주식으로잃은사례,26,0.4,0.4,가족 돈,10,30
주식 단톡방 사기 사례,4. 사기·추천방 피해,curated,주식단톡방사기사례,34,0.413,0.75,주식 단톡방 사기,1,31
상장폐지 주식 피해 사례,5. 특정 투자 방식 실패,curated,상장폐지주식피해사례,43,0.375,0.5,상장폐지 주식,5,32
주가 폭락 실제 투자자 사연,6. 큰 하락과 공포,curated,주가폭락실제투자자사연,51,0.4,0.4,주가 폭락,10,33
60대 주식 투자 주의사항,7. 교훈과 예방,curated,60대주식투자주의사항,64,0.413,0.75,60대 주식 투자,1,34
주식 투자 사기 실제 사건,8. 실제 사건·판결·뉴스,curated,주식투자사기실제사건,70,0.4,0.4,주식 투자,10,35
주식으로 망한 사람 인터뷰,9. 사연·썰·다큐 포맷,curated,주식으로망한사람인터뷰,83,0.45,0.75,주식으로 망한 사람,2,36
주식 빚투 실패 사례,1. 실제 투자 실패·손실 사연,curated,주식빚투실패사례,3,0.413,0.75,주식 빚투 실패,1,37
퇴직금 주식투자 실제 사례,2. 50·60대와 노후자금,curated,퇴직금주식투자실제사례,14,0.275,0.5,퇴직금 주식투자,1,38
주식 투자 가족 파탄 사례,3. 가족 갈등,curated,주식투자가족파탄사례,29,0.4,0.4,주식 투자,10,39
주식 전문가 사칭 피해 사례,4. 사기·추천방 피해,curated,주식전문가사칭피해사례,32,0.4,0.4,주식 전문가,10,40
급등주 투자 실패 사연,5. 특정 투자 방식 실패,curated,급등주투자실패사연,41,0.275,0.5,급등주 투자,1,41
주식 손실 회복하려다 더 잃은 사연,6. 큰 하락과 공포,curated,주식손실회복하려다더잃은사연,56,0.333,0.33,주식 손실,10,42
주식 리딩방 사기 예방법,7. 교훈과 예방,curated,주식리딩방사기예방법,65,0.413,0.75,주식 리딩방 사기,1,43
주식 투자금 반환 소송,8. 실제 사건·판결·뉴스,curated,주식투자금반환소송,74,0.3,0.5,주식 투자금,2,44
주식 사연 읽어주는,9. 사연·썰·다큐 포맷,curated,주식사연읽어주는,85,0.433,0.67,주식 사연,3,45
주식 신용거래 실패 사연,1. 실제 투자 실패·손실 사연,curated,주식신용거래실패사연,4,0.4,0.5,주식 신용거래,6,46
연금 주식투자 실패 사례,2. 50·60대와 노후자금,curated,연금주식투자실패사례,15,0.275,0.5,연금 주식투자,1,47
부모 재산 주식으로 잃은 사연,3. 가족 갈등,curated,부모재산주식으로잃은사연,25,0.3,0.4,부모 재산,5,48
주식 유튜버 추천 손실 사례,4. 사기·추천방 피해,curated,주식유튜버추천손실사례,33,0.33,0.6,주식 유튜버 추천,1,49
동전주 투자 실패 사례,5. 특정 투자 방식 실패,curated,동전주투자실패사례,45,0.275,0.5,동전주 투자,1,50
대출받아 주식 투자 실패,6. 큰 하락과 공포,curated,대출받아주식투자실패,59,0.325,0.5,대출받아 주식,3,51
노후자금 투자 실수,7. 교훈과 예방,curated,노후자금투자실수,66,0.367,0.67,노후자금 투자,1,52
투자 권유 손해배상 판결,8. 실제 사건·판결·뉴스,curated,투자권유손해배상판결,75,0.275,0.5,투자 권유,1,53
주식 실패 사연 라디오,9. 사연·썰·다큐 포맷,curated,주식실패사연라디오,80,0.413,0.75,주식 실패 사연,1,54
주식 투자 실패 실제 사례,1. 실제 투자 실패·손실 사연,curated,주식투자실패실제사례,0,0.39,0.6,주식 투자 실패,3,55
시니어 주식 투자 실패,2. 50·60대와 노후자금,curated,시니어주식투자실패,18,0.275,0.5,시니어 주식,1,56
남편 몰래 주식 투자 사연,3. 가족 갈등,curated,남편몰래주식투자사연,20,0.0,0.0,,0,57
노인 주식 리딩방 피해,4. 사기·추천방 피해,curated,노인주식리딩방피해,37,0.325,0.5,노인 주식,3,58
테마주 투자 실패 사례,5. 특정 투자 방식 실패,curated,테마주투자실패사례,40,0.0,0.0,,0,59
반대매매 실제 사례,6. 큰 하락과 공포,curated,반대매매실제사례,52,0.0,0.0,,0,60
주식 초보가 돈 잃는 이유,7. 교훈과 예방,curated,주식초보가돈잃는이유,61,0.22,0.4,주식 초보가,1,61
배우자 몰래 주식 판결,8. 실제 사건·판결·뉴스,curated,배우자몰래주식판결,73,0.0,0.0,,0,62
주식 폐인 일상,9. 사연·썰·다큐 포맷,curated,주식폐인일상,87,0.367,0.67,주식 폐인,1,63
주식 몰빵 실패 사연,1. 실제 투자 실패·손실 사연,curated,주식몰빵실패사연,6,0.375,0.5,주식 몰빵,5,64
노후자금 주식으로 잃은 사연,2. 50·60대와 노후자금,curated,노후자금주식으로잃은사연,13,0.0,0.0,,0,65
아내 몰래 주식 투자 실패,3. 가족 갈등,curated,아내몰래주식투자실패,21,0.0,0.0,,0,66
고수익 주식 투자 사기,4. 사기·추천방 피해,curated,고수익주식투자사기,35,0.275,0.5,고수익 주식,1,67
작전주 피해 실제 사례,5. 특정 투자 방식 실패,curated,작전주피해실제사례,42,0.0,0.0,,0,68
하한가 투자 피해 사례,6. 큰 하락과 공포,curated,하한가투자피해사례,54,0.0,0.0,,0,69
주식 투자자가 가장 후회하는 것,7. 교훈과 예방,curated,주식투자자가가장후회하는것,60,0.0,0.0,,0,70
미공개정보 주식 사건,8. 실제 사건·판결·뉴스,curated,미공개정보주식사건,76,0.0,0.0,,0,71
주식 실패 후 재기 사연,9. 사연·썰·다큐 포맷,curated,주식실패후재기사연,89,0.33,0.6,주식 실패 후,1,72
주식 손절 못해서 손실 본 사연,1. 실제 투자 실패·손실 사연,curated,주식손절못해서손실본사연,7,0.333,0.33,주식 손절,10,73
노후 파산 주식 투자,2. 50·60대와 노후자금,curated,노후파산주식투자,16,0.0,0.0,,0,74
주식으로 이혼한 실제 사례,3. 가족 갈등,curated,주식으로이혼한실제사례,23,0.0,0.0,,0,75
미등록 투자자문 피해 사례,4. 사기·추천방 피해,curated,미등록투자자문피해사례,36,0.0,0.0,,0,76
관리종목 투자 실패,5. 특정 투자 방식 실패,curated,관리종목투자실패,44,0.0,0.0,,0,77
상장폐지 전재산 손실,6. 큰 하락과 공포,curated,상장폐지전재산손실,55,0.0,0.0,,0,78
퇴직금 투자하면 안 되는 이유,7. 교훈과 예방,curated,퇴직금투자하면안되는이유,67,0.0,0.0,,0,79
주가조작 피해자 실제 사례,8. 실제 사건·판결·뉴스,curated,주가조작피해자실제사례,77,0.0,0.0,,0,80
개미 투자자 실패 다큐,9. 사연·썰·다큐 포맷,curated,개미투자자실패다큐,84,0.275,0.5,개미 투자자,1,81
주식으로 퇴직금 잃은 사연,1. 실제 투자 실패·손실 사연,curated,주식으로퇴직금잃은사연,2,0.0,0.0,,0,82
은퇴자 빚투 실제 사례,2. 50·60대와 노후자금,curated,은퇴자빚투실제사례,17,0.0,0.0,,0,83
자녀 돈으로 주식 투자한 부모,3. 가족 갈등,curated,자녀돈으로주식투자한부모,24,0.0,0.0,,0,84
퇴직금 리딩방 사기,4. 사기·추천방 피해,curated,퇴직금리딩방사기,38,0.0,0.0,,0,85
해외주식으로 돈 잃은 사례,5. 특정 투자 방식 실패,curated,해외주식으로돈잃은사례,49,0.0,0.0,,0,86
빚내서 주식한 사람의 결말,6. 큰 하락과 공포,curated,빚내서주식한사람의결말,58,0.0,0.0,,0,87
주식 실패에서 얻은 교훈,7. 교훈과 예방,curated,주식실패에서얻은교훈,69,0.0,0.0,,0,88
노후자금 투자사기 뉴스,8. 실제 사건·판결·뉴스,curated,노후자금투자사기뉴스,78,0.0,0.0,,0,89
주식 실화 사연,9. 사연·썰·다큐 포맷,curated,주식실화사연,82,0.0,0.0,,0,90
