video_id,title,channel_title,channel_id,published_at,fmt,duration_sec,views,likes,comments,subscribers,channel_size,age_days,views_per_day,views_per_sub,outlier_score,baseline_views,baseline_kind,is_success,is_small_channel,is_mature,in_window,like_rate,comment_rate,weekday_label,publish_hour,title_len,uploads_per_week,tags,video_url
vbDEHKhogXU,신종 투자리딩방 사기가 판을 치고 있습니다. 천하의 나쁜 놈들!,슈카월드,UCsJ6RuBiTVWRX156FVbeaGg,2026-10-01 18:44:51,long,1888.0,1015258,4995.0,537.0,3730000,100만+,8.082499545543982,125611.88457594518,0.2721871313672922,0.8291688734785249,1224428.5,same_format,False,False,False,True,0.004919931682390092,0.0005289295922809769,목,18,35,7.149279268012153,"슈카, 슈카월드, 경제, 시사, 이슈, 뉴스, 상식, 면접, 논술, 자소서, 취업, 주식, 증시, 주가, 시장, 자산, 투자, 금리",https://www.youtube.com/watch?v=vbDEHKhogXU
9O4uWelE14E,삼성전자 돈 축제 이젠 끝났다? 정말 솔직하게 말씀드립니다 [이정윤 세무사],부읽남TV_내집마련부터건물주까지,UC2QeHNJFfuQWB4cy3M-745g,2026-10-03 12:30:05,shorts,59.0,173338,710.0,12.0,1840000,100만+,6.342754175173611,27328.50670430649,0.09420543478260869,,,insufficient,False,False,False,True,0.004096043568057783,6.92289053756245e-05,토,12,42,50.0,"부동산읽어주는남자, 부읽남, 재테크, 부읽남TV, 부자, 부동산, 주식, 비트코인, 투자마인드, 삼전닉스, 반도체, AI, 삼성전자, 하이닉스, 코스피, 한국증시, 미국증시, 국장, 미장",https://www.youtube.com/watch?v=9O4uWelE14E
t03YNLj2do8,백수 남편 주식 계좌에 무려 5억?!💸 아내 몰래 돈 펑펑 쓰고 다닌 남편의 진짜 비밀 | #탐정들의영업비밀 21회,후루룩,UC-qAanNrl15qHXox2iLUq1A,2026-09-27 12:00:14,long,2967.0,326926,619.0,62.0,100000,10만~100만,12.363483341840277,26442.871394797203,3.26926,3.7086623105544967,88152.0,same_format,False,False,False,True,0.0018933948355285295,0.00018964536317087047,일,12,64,17.391094310455188,"채널A, 후루룩, 탐정들의 영업비밀, 충격실화, 탐정사건, 탐정드라마, 채널A탐정들의영업비밀, 불륜, 상간소송, 임신, 장모님, 주식, 로또 1등, 복권, 졸부",https://www.youtube.com/watch?v=t03YNLj2do8
98Q_4_SzIAg,연금계좌 안 하면 평생 후회하는 이유,어른의금융수업,UClU6tzeYdQ902LLZta0Ymbg,2026-10-01 12:45:37,shorts,6.0,183801,337.0,2.0,12500,1만~10만,8.331967138136573,22059.736548733763,14.70408,18.34524403633097,10019.0,same_format,False,False,False,True,0.0018335047143377893,1.0881333616248008e-05,목,12,20,22.047340539547417,,https://www.youtube.com/watch?v=98Q_4_SzIAg
hUCljr2Pwhw,"개미들만 모르고 있어요, 삼성전자 하이닉스 이렇게 됩니다 [이정윤 세무사]",부읽남TV_내집마련부터건물주까지,UC2QeHNJFfuQWB4cy3M-745g,2026-10-06 17:30:17,shorts,55.0,47886,246.0,4.0,1840000,100만+,3.1342819529513886,15278.140486023687,0.026025,,,insufficient,False,False,False,True,0.005137200852023556,8.353172117111473e-05,화,17,41,50.0,"부동산읽어주는남자, 부읽남, 재테크, 부읽남TV, 부자, 부동산, 주식, 비트코인, 투자마인드, 삼전닉스, 반도체, AI, 삼성전자, 하이닉스, 코스피, 한국증시, 미국증시, 국장, 미장",https://www.youtube.com/watch?v=hUCljr2Pwhw
dpq9IdJYegA,"삼성전자, 하이닉스 2배 더 간다? ""정말 솔직히 말씀드릴게요"" [이정윤 세무사]",부읽남TV_내집마련부터건물주까지,UC2QeHNJFfuQWB4cy3M-745g,2026-10-03 16:30:28,shorts,54.0,76617,421.0,13.0,1840000,100만+,6.17582130480324,12405.961283305134,0.041639673913043476,,,insufficient,False,False,False,True,0.005494864064111098,0.0001696751373716016,토,16,45,50.0,"부동산읽어주는남자, 부읽남, 재테크, 부읽남TV, 부자, 부동산, 주식, 비트코인, 투자마인드, 삼전닉스, 반도체, AI, 삼성전자, 하이닉스, 코스피, 한국증시, 미국증시, 국장, 미장",https://www.youtube.com/watch?v=dpq9IdJYegA
P_gKlakgV9M,SK하이닉스는 그래봐야 20배 100배 오른 주식은 따로 있습니다 [이정윤 세무사],부읽남TV_내집마련부터건물주까지,UC2QeHNJFfuQWB4cy3M-745g,2026-10-07 08:30:14,shorts,47.0,6566,34.0,1.0,1840000,100만+,2.509316675173611,2616.6486139282206,0.003568478260869565,,,insufficient,False,False,False,True,0.005178190679256778,0.00015229972586049346,수,8,46,50.0,"부동산읽어주는남자, 부읽남, 재테크, 부읽남TV, 부자, 부동산, 주식, 비트코인, 투자마인드",https://www.youtube.com/watch?v=P_gKlakgV9M
Zr6AS7xjrcA,"지금 주식에 몰빵하지 마세요, 현금 쥐고 '이것을' 기다리세요 [김경록 고문]",부읽남TV_내집마련부터건물주까지,UC2QeHNJFfuQWB4cy3M-745g,2026-10-01 15:00:05,shorts,30.0,20268,121.0,0.0,1840000,100만+,8.238587508506944,2460.130450647251,0.011015217391304347,,,insufficient,False,False,False,True,0.005970001973554372,0.0,목,15,43,50.0,"부동산읽어주는남자, 부읽남, 재테크, 부읽남TV, 부자, 부동산, 주식, 비트코인, 투자마인드, 삼전닉스, 반도체, AI, 삼성전자, 하이닉스, 코스피, 한국증시, 미국증시, 국장, 미장",https://www.youtube.com/watch?v=Zr6AS7xjrcA
qr2QEXu5GG8,삼전닉스 내일도 급락할까? 돈버는 전략 180도 바뀔 겁니다 [이정윤 세무사],부읽남TV_내집마련부터건물주까지,UC2QeHNJFfuQWB4cy3M-745g,2026-10-03 13:30:37,shorts,60.0,14992,88.0,3.0,1840000,100만+,6.300717138136574,2379.411687799376,0.008147826086956522,,,insufficient,False,False,False,True,0.005869797225186766,0.00020010672358591249,토,13,43,50.0,"부동산읽어주는남자, 부읽남, 재테크, 부읽남TV, 부자, 부동산, 주식, 비트코인, 투자마인드, 삼전닉스, 반도체, AI, 삼성전자, 하이닉스, 코스피, 한국증시, 미국증시, 국장, 미장",https://www.youtube.com/watch?v=qr2QEXu5GG8
jzMlcvKHrzc,"지금 주식에 몰빵하지 마세요, 현금 쥐고 '이것을' 기다리세요 [이정윤 세무사]",부읽남TV_내집마련부터건물주까지,UC2QeHNJFfuQWB4cy3M-745g,2026-10-06 11:30:19,shorts,46.0,7256,29.0,2.0,1840000,100만+,3.3842588048032405,2144.044063563236,0.003943478260869565,,,insufficient,False,False,False,True,0.0039966923925027565,0.0002756339581036384,화,11,44,50.0,"부동산읽어주는남자, 부읽남, 재테크, 부읽남TV, 부자, 부동산, 주식, 비트코인, 투자마인드, 삼전닉스, 반도체, AI, 삼성전자, 하이닉스, 코스피, 한국증시, 미국증시, 국장, 미장",https://www.youtube.com/watch?v=jzMlcvKHrzc
cUxEI7DxBlQ,수익률이 적어도 이미 오른 곳이 좋은 이유 [망고쌤],부읽남TV_내집마련부터건물주까지,UC2QeHNJFfuQWB4cy3M-745g,2026-10-02 14:30:13,shorts,48.0,13094,75.0,3.0,1840000,100만+,7.259328249247685,1803.7481637997273,0.007116304347826087,,,insufficient,False,False,False,True,0.005727814266076065,0.00022911257064304262,금,14,29,50.0,"부동산읽어주는남자, 부읽남, 재테크, 부읽남TV, 부자, 부동산, 주식, 비트코인, 투자마인드, 집값, 내집마련, 서울, 수도권, 아파트, 빌라, 오피스텔, 전세, 월세, 강남, 하락장",https://www.youtube.com/watch?v=cUxEI7DxBlQ
1ybHKktiUrg,[우리기술]🔥삼성이 MMIS를 언급했다! 유튜브 최초 단독 입수한 일정! 이 흐름으로 X만원까지 상승한다! 일정 반드시 확인! #우리기술주가 #우리기술 #우리기술주가전망 #원전주,주식슈타인,UCSrwgxgfR3kPNXZCcMCMn1w,2026-10-08 19:30:10,long,1608.0,568,43.0,1.0,42900,1만~10만,1.051029638136574,540.4224385213696,0.01324009324009324,,,insufficient,False,False,False,True,0.07570422535211267,0.0017605633802816902,목,19,99,50.0,"급등주, 종목분석, 종목추천, 단타, 단타종목, 단타매매, 무료추천, 테마주, 테마급등주, 우리기술, 우리기술주식, 우리기술주가, 우리기술전망, 우리기술분석, 우리기술차트, 원전, 원전관련주, 원자력발전, 소형모듈원전, SMR, 원전정책, 에너지정책, 전력인프라, 발전설비, 제어계측, 플랜트제어, 산업자동화, 철도시스템, 철도신호, 방산, 국방산업, 방산관련주, 미사일방어, 지휘통제, 스마트그리드, 전력제어, 신재생에너지, 친환경에너지, 탄소중립, ESG, 에너지전환, 정부정책수혜주, 인프라투자, 국책사업, 글로벌진출, 수주확대, 기술력, 특허기술, 중소형주, 성장주, 고성장주, 저평가주, 턴어라운드, 주도주, 관심종목, 국내주식, 코스닥종목, 주식투자, 주식분석, 주식공부, 주식정보, 주식유튜브, 주식방송, 시장흐름, 증시전망, 오늘의종목, 수급분석, 기관수급, 외국인수급, 거래량분석, 차트분석, 기술적분석, 지지저항, 매물대분석, 스윙매매, 매매전략",https://www.youtube.com/watch?v=1ybHKktiUrg
_iSKz5BlSAo,1년동안 5백만원씩 주식 투자했더니..😱,짠부부,UC09kChaJLN-37F-cK_p0x0Q,2026-09-26 10:00:34,shorts,39.0,6689,38.0,1.0,7970,1천~1만,13.44658519369213,497.4497170581159,0.8392722710163112,0.38738634389297505,17267.0,same_format,False,True,False,True,0.005680968754671849,0.00014949917775452235,토,10,22,1.4273532424566222,,https://www.youtube.com/watch?v=_iSKz5BlSAo
lajY1g7os34,주식투자 AI로 자동매매하면 어떻게 될까?,머니벌크업ㅣ주식PT,UCa-mVoWdRkrnHimtZvsAb2w,2026-09-28 19:54:45,shorts,67.0,3309,51.0,9.0,15700,1만~10만,11.033957878877315,299.8923900493161,0.21076433121019109,0.48081952920662596,6882.0,same_format,False,False,False,True,0.015412511332728921,0.0027198549410698096,월,19,23,12.500118842069018,,https://www.youtube.com/watch?v=lajY1g7os34
JJr-ulh5-nU,주식 투자 실패하고 거북목 완치된 썰,땅굴두더지,UC1BgucBtYkfMyZiqL7DqtmA,2026-09-28 17:01:38,shorts,33.0,2628,8.0,0.0,36,1천 미만,11.154177786284722,235.60678790967566,73.0,0.19728989152058857,13320.5,same_format,False,True,False,True,0.0030441400304414,0.0,월,17,20,6.999364062408681,,https://www.youtube.com/watch?v=JJr-ulh5-nU
u0m2lIl_xTg,여의도 상위 0.1%의 주식 손실 복구 전략,웨이크업(Rethink Everything),UCDDK_fAXMb9ilLib_sx5pCQ,2026-09-29 08:15:59,shorts,26.0,1765,25.0,2.0,12300,1만~10만,10.519212508506945,167.78822545629103,0.1434959349593496,0.8118675252989881,2174.0,same_format,False,False,False,True,0.014164305949008499,0.0011331444759206798,화,8,24,21.675446034662077,"주식, 증시, 경제, 투자, 재테크, 한국주식, 미국주식, 나스닥, S&P500, 코스피, 코스닥, ETF, 반도체, 엔비디아, 테슬라, 삼성전자, SK하이닉스, 빅테크, AI투자, 금리, 환율, 인플레이션, 금리인하, 금리인상, 연준, FOMC, QE, QT, 양적완화, 양적긴축, 환율전망, 글로벌경제, 경기전망, 부자되는법, 자산배분, 가치투자, 성장주, 배당주, 단타, 스윙, 장기투자, 매매기법, 수급분석, 기술적분석, 재무제표, 기업분석, M&A, 한국경제, 미국경제, 중국경제, 경기침체, 금리정책, 달러, 비트코인, 암호화폐, 코인, 경제위기, 자산시장, 부동산, 원자재, 원유, 금시세, 투자전략, 시장전망, 실시간주식, 시황, 시황분석, 주가전망, 상승종목, 추천종목, 테마주, 대장주, 삼성전자전망, SK하이닉스전망, 엔비디아전망, 테슬라전망, 2차전지, 전기차, AI반도체, 로보틱스, 채권, 국채, 연금, 노후준비, 삼프로TV, 신사임당, 송승빈, 슈카월드, 김작가TV, 김단태, 경제읽어주는남자, 공매도TV, 재테크읽어주는남자, 사경인, 홍춘욱, 박곰희, 유목민, 김미경TV, 오건영, 최준영, 워런버핏, 존리, 박두환, 두산, 두산에너빌리티, 전인구",https://www.youtube.com/watch?v=u0m2lIl_xTg
Y7XPsqR4R4I,"해고 숨긴 48세 가장, 3만 위안 전재산 주식 몰빵, 31점2퍼센트 고리대금까지, 그런데 뜻밖에도 그 '내부정보'는 사기꾼 전 동료의 함정이었다",사랑의 계약서,UCVCU7KP8LFWMdvOr5nSNrNg,2026-09-28 19:37:53,long,4044.0,0,0.0,0.0,10400,1만~10만,11.045670841840277,0.0,0.0,,,insufficient,False,False,False,True,,,월,19,81,50.0,null,https://www.youtube.com/watch?v=Y7XPsqR4R4I
