tag,n,median_outlier,success_n,success_rate,success_overrep
자산관리,12,8.765550699948152,8,0.6666666666666666,3.024561403508772
etf투자,17,10.712503283425269,11,0.6470588235294118,2.9356037151702785
국민연금,8,15.631698035974484,5,0.625,2.8355263157894735
퇴직연금,10,15.631698035974484,6,0.6,2.722105263157895
은퇴준비,12,4.143373203821145,7,0.5833333333333334,2.6464912280701753
은퇴자금,11,4.13630890262503,6,0.5454545454545454,2.474641148325359
s&p500,12,7.042730140521939,6,0.5,2.268421052631579
장기투자,13,10.712503283425269,6,0.46153846153846156,2.093927125506073
돈버는법,9,21.40300491955857,4,0.4444444444444444,2.016374269005848
투자실패,14,1.9024193453067986,6,0.42857142857142855,1.9443609022556392
노후준비,31,3.4666470358007233,13,0.41935483870967744,1.9025466893039051
노후자금,15,1.792387328745893,6,0.4,1.8147368421052632
해외주식,8,4.695369164961875,3,0.375,1.7013157894736843
경제공부,12,10.859574468085107,4,0.3333333333333333,1.512280701754386
국내주식,12,1.525444770821677,4,0.3333333333333333,1.512280701754386
mtn,9,1.8542857142857143,3,0.3333333333333333,1.512280701754386
주식투자실패,9,1.0229372016613973,3,0.3333333333333333,1.512280701754386
#주식공부,19,1.765433973726175,6,0.3157894736842105,1.4326869806094185
#주식초보,19,1.765433973726175,6,0.3157894736842105,1.4326869806094185
재테크,43,2.286455455034171,13,0.3023255813953488,1.3716034271725828
금융,10,21.40300491955857,3,0.3,1.3610526315789475
부동산,10,7.654542156590768,3,0.3,1.3610526315789475
주식실패,10,1.3599999999999999,3,0.3,1.3610526315789475
#경제적자유,17,1.765433973726175,5,0.29411764705882354,1.3343653250773995
#주식기초,17,1.765433973726175,5,0.29411764705882354,1.3343653250773995
#주식투자,21,1.765433973726175,6,0.2857142857142857,1.2962406015037595
노후사연,11,1.7077217125382262,3,0.2727272727272727,1.2373205741626796
부자,11,7.654542156590768,3,0.2727272727272727,1.2373205741626796
비트코인,11,1.4114788946249621,3,0.2727272727272727,1.2373205741626796
투자,55,3.208396748685281,15,0.2727272727272727,1.2373205741626794
etf,26,2.7969851689764162,7,0.2692307692307692,1.2214574898785424
단타,8,4.497307179378416,2,0.25,1.1342105263157896
미국증시,8,2.392970774240864,2,0.25,1.1342105263157896
미국주식,25,1.5775447997964471,6,0.24,1.088842105263158
ebs,13,2.997430092394297,3,0.23076923076923078,1.0469635627530365
미국 주식,9,3.006868083860784,2,0.2222222222222222,1.008187134502924
성공,9,47.845071531933215,2,0.2222222222222222,1.008187134502924
직장인,9,10.712503283425269,2,0.2222222222222222,1.008187134502924
코스피,32,2.2149844998675867,7,0.21875,0.9924342105263158
오디오북,14,1.6650548633066766,3,0.21428571428571427,0.9721804511278196
환율,14,1.4743652362130624,3,0.21428571428571427,0.9721804511278196
주식투자,53,1.712000391152834,11,0.20754716981132076,0.9416087388282026
주식초보,29,1.340072202166065,6,0.20689655172413793,0.9386569872958258
빚투,10,3.1022981150571005,2,0.2,0.9073684210526316
이슈,10,1.7521270919029752,2,0.2,0.9073684210526316
투자전략,10,0.9750124872252866,2,0.2,0.9073684210526316
주식,90,1.5121813031161473,17,0.18888888888888888,0.8569590643274855
sk하이닉스,16,2.8524241999387265,3,0.1875,0.8506578947368422
다큐,17,3.78106200515643,3,0.17647058823529413,0.8006191950464396
레버리지,12,4.894175553732568,2,0.16666666666666666,0.756140350877193
경제,33,1.3599999999999999,5,0.15151515151515152,0.6874003189792663
삼성전자,21,1.5775447997964471,3,0.14285714285714285,0.6481203007518798
나스닥,14,1.4570536640103575,2,0.14285714285714285,0.6481203007518798
kbs,15,18.204143815935883,2,0.13333333333333333,0.6049122807017544
국장,8,1.5757927105913192,1,0.125,0.5671052631578948
주식차트,8,1.2778571428571428,1,0.125,0.5671052631578948
mbc,9,2.254516937179405,1,0.1111111111111111,0.504093567251462
코스닥,19,1.4613263054670262,2,0.10526315789473684,0.4775623268698061
ai,10,1.3401167500325017,1,0.1,0.4536842105263158
한국주식,10,1.2107168773631747,1,0.1,0.4536842105263158
수익,11,6.172413793103448,1,0.09090909090909091,0.41244019138755983
뉴스,31,8.474918604715658,2,0.06451612903225806,0.29269949066213924
주식공부,31,1.2778571428571428,2,0.06451612903225806,0.29269949066213924
주식기초,16,1.0135714285714286,1,0.0625,0.2835526315789474
증권,20,1.0150000000000001,1,0.05,0.2268421052631579
news,21,,0,0.0,0.0
e뉴스,18,,0,0.0,0.0
knn뉴스,18,,0,0.0,0.0
source:영상,13,,0,0.0,0.0
시황,13,1.0135714285714286,0,0.0,0.0
주린이,13,0.7490132759239325,0,0.0,0.0
type:방송,12,,0,0.0,0.0
반도체,12,1.1044407894736843,0,0.0,0.0
이데일리tv,12,1.0135714285714286,0,0.0,0.0
한국경제tv,12,1.0135714285714286,0,0.0,0.0
문현진,11,1.0135714285714286,0,0.0,0.0
실화사연,11,1.6216216216216217,0,0.0,0.0
주식챔피언,11,1.0135714285714286,0,0.0,0.0
주챔,11,1.0135714285714286,0,0.0,0.0
주챔쇼,11,1.0135714285714286,0,0.0,0.0
부부,10,2.254516937179405,0,0.0,0.0
주식강의,10,1.1044407894736843,0,0.0,0.0
format:리포트,9,,0,0.0,0.0
kbs news,9,,0,0.0,0.0
kbs뉴스,9,,0,0.0,0.0
live,9,,0,0.0,0.0
남편,9,4.088235294117647,0,0.0,0.0
리딩방,9,3.3687720458057604,0,0.0,0.0
종목추천,9,0.7660566917832795,0,0.0,0.0
주식고수,9,1.6427680027965508,0,0.0,0.0
하이닉스,9,2.8524241999387265,0,0.0,0.0
변호사,8,1.3410208325938664,0,0.0,0.0
주식실패사연,8,1.2485565026120429,0,0.0,0.0
투자원칙,8,1.2170790103750997,0,0.0,0.0
