token,n,median_outlier,median_vpd,success_n,small_success_n,success_rate,outlier_lift,success_overrep
준비,11,12.7696569110918,159.23227130549566,6,1,0.5454545454545454,6.932780151357676,2.474641148325359
자동,10,5.9557935850396495,106.97989909482489,5,1,0.5,3.2334625620271233,2.268421052631579
진실,8,4.13630890262503,211.3115342034102,4,1,0.5,2.2456453184027683,2.268421052631579
개인,9,7.031266375545852,559.7117982191932,4,0,0.4444444444444444,3.8173479762758267,2.016374269005848
사람,27,4.616825885038523,271.65281539218535,11,3,0.4074074074074074,2.5065230084817354,1.8483430799220273
평생,10,15.584434757149069,506.947644473674,4,0,0.4,8.460952452108916,1.8147368421052632
ETF,25,14.337662337662337,1076.978542366396,10,1,0.4,7.784066679589068,1.8147368421052632
자금,25,4.150437505017259,141.59729591549004,10,5,0.4,2.2533158842537735,1.8147368421052632
오디오북,10,2.9023385185948287,49.953762929078216,4,3,0.4,1.575709904684879,1.8147368421052632
노후,41,3.970492969907344,175.12895724652213,16,6,0.3902439024390244,2.1556221161250693,1.7704749679075737
매매,13,4.0673331493842895,61.29338648636518,5,1,0.38461538461538464,2.2081976613261722,1.7449392712550607
퇴직금,8,23.79813664596273,38.10392206754456,3,2,0.375,12.920257022341708,1.7013157894736843
과정,8,17.07340766088972,465.1491919850289,3,1,0.375,9.26933139798304,1.7013157894736843
대표,8,4.143373203821145,1207.7311893694018,3,0,0.375,2.2494806013282713,1.7013157894736843
고백,11,3.804677037189657,52.396070890330606,4,3,0.36363636363636365,2.06559891384737,1.6497607655502393
은퇴,28,4.9109897374725415,202.2364685159262,10,2,0.35714285714285715,2.6662276373218465,1.6203007518796992
투자자,27,3.298208337661608,546.9149472073506,9,2,0.3333333333333333,1.790631765409567,1.512280701754386
AI,9,2.394126931742319,558.5571034021845,3,0,0.3333333333333333,1.299796524509356,1.512280701754386
주가,14,2.1131351080299625,394.2099534498227,4,1,0.2857142857142857,1.1472431276804462,1.2962406015037595
손실,29,2.039413780756049,555.0797808004845,8,2,0.27586206896551724,1.1072190488806162,1.2515426497277677
이유,56,1.7216447364935623,323.7821781015916,15,2,0.26785714285714285,0.9346989147754229,1.2152255639097744
방송,12,3.78106200515643,2548.533391881434,3,0,0.25,2.0527780662323156,1.1342105263157896
SK,8,3.208456961174997,501.0520824948413,2,2,0.25,1.7419048054140376,1.1342105263157896
폭락,20,1.863298662704309,685.4748024204057,5,2,0.25,1.0116043112816306,1.1342105263157896
코스피,12,1.5065876152832676,690.4848872719465,3,0,0.25,0.8179421568049083,1.1342105263157896
위험,8,1.4308817450965892,795.6514310951634,2,0,0.25,0.776840648923708,1.1342105263157896
전업,8,1.2059389606818807,283.77969840524594,2,0,0.25,0.6547168611164689,1.1342105263157896
레버리지,31,7.642067058416869,1232.1733774130764,7,1,0.22580645161290322,4.148958048506174,1.0244482173174871
개미,27,3.944310663110273,362.8660194736333,6,2,0.2222222222222222,2.1414074682184507,1.008187134502924
부부,9,3.5278618278862597,313.3917060989049,2,1,0.2222222222222222,1.9153130446173539,1.008187134502924
인생,9,2.0,43.9345658548076,2,0,0.2222222222222222,1.085820895522388,1.008187134502924
계좌,9,1.3914184589773795,285.98499912457015,2,0,0.2222222222222222,0.7554156185865997,1.008187134502924
주식,265,1.712000391152834,94.69546432740948,54,16,0.2037735849056604,0.9294628989281245,0.924488579940417
실패,54,1.8433931484502446,38.6466022614881,11,3,0.2037037037037037,1.0007973996250397,0.9241715399610136
성공,10,2.997430092394297,8.607836015946061,2,0,0.2,1.6273361135946651,0.9073684210526316
하이닉스,10,2.1501252942516516,910.9868817426293,2,2,0.2,1.1673254862448332,0.9073684210526316
후회,10,1.2848412222887957,677.5583051474141,2,0,0.2,0.69755372329485,0.9073684210526316
재산,32,1.3109650849265082,174.3163293811438,6,3,0.1875,0.7117366412567424,0.8506578947368422
투자,134,1.9041062208015735,85.09558457559689,24,6,0.1791044776119403,1.0337591609202574,0.8125687352710134
사연,40,2.0,56.51463366298067,6,4,0.15,1.085820895522388,0.6805263157894738
KBS,16,18.204143815935883,875.6877163352597,2,0,0.125,9.883219870218921,0.5671052631578948
다큐 프라임,8,4.564890167043995,1549.6328474364982,1,0,0.125,2.4783265645705272,0.5671052631578948
사칭,8,2.8163654544107843,5.227865029706751,1,1,0.125,1.5290342299133177,0.5671052631578948
피해,9,10.575292740046839,19.56000334515854,1,1,0.1111111111111111,5.741436916704534,0.504093567251462
시장,9,1.5326346673812605,374.0605353577505,1,0,0.1111111111111111,0.8320833735222889,0.504093567251462
수익,23,2.3043763915783386,195.0106553058947,1,0,0.043478260869565216,1.2510700185621204,0.19725400457665904
사기,34,3.3687720458057604,34.08850590214706,1,1,0.029411764705882353,1.8289415397937991,0.13343653250773993
뉴스,14,2.044535853390592,840.6235372602346,0,0,0.0,1.1099998756281013,0.0
아내,16,1.751987281399046,20.274885224880062,0,0,0.0,0.9511721994162732,0.0
중독,11,1.4553072625698324,11.142745260274562,0,0,0.0,0.7901015175519054,0.0
진짜,9,1.356263287982574,170.61385074396094,0,0,0.0,0.7363295089606885,0.0
리딩,36,1.3018027453511325,20.12311056250561,0,0,0.0,0.7067623113753351,0.0
방법,9,1.0828729281767955,58.23351839863363,0,0,0.0,0.5879030263049394,0.0
변호사,13,1.0828729281767955,28.022675714106125,0,0,0.0,0.5879030263049394,0.0
시작,9,1.0320411309892796,367.76115423006576,0,0,0.0,0.5603059125333589,0.0
남편,35,0.9594185342216839,37.733857739767394,0,0,0.0,0.5208783460046829,0.0
이혼,18,0.9594185342216839,18.03597391792868,0,0,0.0,0.5208783460046829,0.0
KNN,18,,1915.8136267656575,0,0,0.0,,0.0
