segment,feature,label,n_with,n_without,median_outlier_with,median_outlier_without,lift,success_rate_with,success_rate_without,median_vpd_with,median_vpd_without,p_value,q_value,significant
롱폼,hook_greed,수익/욕망(급등·수익·부자),18,167,4.989422278384154,2.044535853390592,2.440369177243753,0.3888888888888889,0.2994011976047904,182.225835323735,167.81209264019574,0.12346478018106068,0.4321267306337124,False
롱폼,has_caps_word,영문 대문자 단어,16,169,3.207619274292349,2.0466246487964157,1.5672728637264748,0.5,0.28994082840236685,393.0439148271479,142.5719074281269,0.6869620752747729,0.8014557544872352,False
롱폼,has_number,숫자 포함,114,71,2.478901211621131,1.716279069767442,1.444346234413396,0.3508771929824561,0.23943661971830985,204.37356793695136,93.45591239641402,0.0769307266733562,0.3590100578089956,False
롱폼,has_money_or_pct,금액·% 표기,65,120,2.6728682170542637,1.9520531104007868,1.3692599872477254,0.36923076923076925,0.275,263.56174926912473,95.29973666643944,0.18825331836788783,0.46416032431380216,False
롱폼,has_bracket,괄호/대괄호,42,143,2.2540714384431464,2.044535853390592,1.1024856495938025,0.3333333333333333,0.3006993006993007,244.6980938834115,141.59729591549004,0.8918087351254711,0.9037818028467127,False
롱폼,has_hashtag,해시태그,9,176,2.272727272727273,2.0976977184690684,1.0834388828843957,0.2222222222222222,0.3125,20.686217779852683,180.27842951358926,0.5212689067683122,0.691368787878071,False
롱폼,has_ellipsis,말줄임(…),22,163,2.205709340376894,2.148770788141721,1.026498197271387,0.2727272727272727,0.3128834355828221,202.232964382175,142.5719074281269,0.9037818028467127,0.9037818028467127,False
롱폼,has_emoji,이모지,12,173,2.1945736434108527,2.148770788141721,1.0213158404432436,0.16666666666666666,0.3179190751445087,363.76194542969444,142.5719074281269,0.4911544475597739,0.691368787878071,False
롱폼,hook_fear,공포/경고(폭락·위기·절대),34,151,1.8533459055772767,2.254516937179405,0.822058985236976,0.38235294117647056,0.2913907284768212,257.0717617356892,136.5113639433247,0.54321833333277,0.691368787878071,False
롱폼,hook_curiosity,호기심(이유·진짜·결국),50,135,1.739568747561329,2.3387710712343663,0.7437960769042744,0.24,0.3333333333333333,176.11270238816547,141.59729591549004,0.38753288077862735,0.6781825413625979,False
롱폼,has_exclaim,느낌표,18,167,1.44678428595526,2.272727272727273,0.6365850858203144,0.2222222222222222,0.31736526946107785,229.39765508713162,122.69609299555407,0.20513403220756976,0.46416032431380216,False
롱폼,has_question,물음표(질문형),33,152,1.432242266443494,2.5709788393218247,0.5570805346734368,0.12121212121212122,0.34868421052631576,231.47636137258974,132.14669445552204,0.004792169396392519,0.06709037154949526,False
롱폼,has_quote,따옴표(인용),26,159,1.2083279190225276,2.3387710712343663,0.5166507889054704,0.3076923076923077,0.3081761006289308,261.5893803960343,142.5719074281269,0.23208016215690108,0.46416032431380216,False
롱폼,hook_beginner,초보/방법(초보·기초·정리),14,171,1.1090927586930224,2.272727272727273,0.4880008138249298,0.14285714285714285,0.3216374269005848,72.89777107933591,170.61385074396094,0.04823737592495225,0.33766163147466577,False
쇼츠,hook_curiosity,호기심(이유·진짜·결국),17,102,8.697211155378486,1.4474619398482729,6.008594019605209,0.5882352941176471,0.2549019607843137,376.1161279821452,31.485566815818956,0.05142898823827932,0.287628326993045,False
쇼츠,has_bracket,괄호/대괄호,8,111,4.375959671883794,1.4421428571428572,3.0343454881809366,0.5,0.2882882882882883,82.33037249817819,32.38327841396567,0.12151437562122779,0.3341645329583764,False
쇼츠,has_money_or_pct,금액·% 표기,22,97,3.583232383002354,1.4129170492806857,2.5360529019212934,0.4090909090909091,0.27835051546391754,415.78296780355817,28.022675714106125,0.05229605945328091,0.287628326993045,False
쇼츠,hook_greed,수익/욕망(급등·수익·부자),14,105,2.5903678736371427,1.4527810225536886,1.783040825439619,0.35714285714285715,0.29523809523809524,91.5504284101163,31.8911575074572,0.1939308522824107,0.35553989585108625,False
쇼츠,hook_fear,공포/경고(폭락·위기·절대),23,96,1.751145038167939,1.4540441425617605,1.2043272875352606,0.34782608695652173,0.2916666666666667,23.252369074220994,33.09301497119075,0.8690388616290019,0.8690388616290019,False
쇼츠,has_quote,따옴표(인용),16,103,1.7032781467895972,1.4553072625698324,1.1703907419398767,0.4375,0.2815533980582524,45.198676696394976,31.07997612418071,0.7523947042466266,0.8690388616290019,False
쇼츠,has_question,물음표(질문형),21,98,1.5113194909578032,1.468808865941956,1.0289422442916594,0.3333333333333333,0.29591836734693877,31.8911575074572,33.147334799293624,0.8262002033788082,0.8690388616290019,False
쇼츠,has_number,숫자 포함,55,64,1.4823104693140794,1.46899670950364,1.009063165168653,0.2909090909090909,0.3125,31.8911575074572,34.22067598135436,0.5172455243230528,0.8128143953647973,False
쇼츠,has_caps_word,영문 대문자 단어,11,108,1.4114788946249621,1.4944490422986734,0.9444811128882042,0.36363636363636365,0.2962962962962963,31.8911575074572,33.09301497119075,0.8079050804818685,0.8690388616290019,False
쇼츠,has_hashtag,해시태그,40,79,1.260568356374808,1.751145038167939,0.719853769333478,0.225,0.34177215189873417,23.94672899020476,37.7074467618959,0.16045374033486115,0.3529982287366945,False
쇼츠,has_exclaim,느낌표,24,95,1.160759899924392,1.6554112554112554,0.7011912575380087,0.125,0.3473684210526316,23.9058922513591,37.17104382870835,0.09062879841815251,0.33230559419989253,False
전체,hook_greed,수익/욕망(급등·수익·부자),32,275,3.6523611463592127,1.7836383207750268,2.047702779099402,0.375,0.3018181818181818,139.11768259887015,80.7792677449765,0.055656935640158736,0.16697080692047622,False
전체,has_money_or_pct,금액·% 표기,88,219,2.744616835732524,1.6554112554112554,1.657966760079009,0.38636363636363635,0.2785388127853881,304.29129375503817,56.39934353936886,0.017204912582664232,0.14263035309172672,False
전체,has_bracket,괄호/대괄호,52,255,2.341544182875417,1.751145038167939,1.3371503398285947,0.36538461538461536,0.2980392156862745,190.7048983063981,71.9608879491093,0.3843438690359219,0.7206447544423535,False
전체,has_caps_word,영문 대문자 단어,27,280,2.4359430604982206,1.830135677968482,1.3310177435599786,0.4444444444444444,0.29642857142857143,334.05780063631147,82.07120745160486,0.6408464667208289,0.8083841159575701,False
전체,has_number,숫자 포함,171,136,2.044535853390592,1.5448630514562973,1.3234414865856672,0.3391812865497076,0.27205882352941174,118.54526514549971,59.473754297467195,0.03928076707881134,0.14730287654554253,False
전체,has_emoji,이모지,19,288,2.0124513618677042,1.8343870658268262,1.0970701872892992,0.15789473684210525,0.3194444444444444,18.647660939907407,83.99463355860127,0.7640330115797744,0.8815765518228166,False
전체,hook_fear,공포/경고(폭락·위기·절대),59,248,1.863298662704309,1.8225983451698788,1.0223309308067197,0.3898305084745763,0.2903225806451613,136.63806928225026,77.23907083683432,0.9187672512063849,0.9187672512063849,False
전체,hook_curiosity,호기심(이유·진짜·결국),67,240,1.8268497330282227,1.842658773537837,0.9914205273723786,0.3283582089552239,0.30416666666666664,181.61155403237,72.14623560455775,0.6058493690754765,0.8083841159575701,False
전체,hook_urgency,긴급성(지금·당장·속보),11,296,1.792387328745893,1.842658773537837,0.9727179847327757,0.2727272727272727,0.3108108108108108,148.83441618186143,82.07120745160486,0.6467072927660561,0.8083841159575701,False
전체,has_ellipsis,말줄임(…),28,279,1.6494874720145802,1.8433931484502446,0.8948104604822458,0.25,0.3154121863799283,71.29611386260744,82.6291453911556,0.8748957531900604,0.9187672512063849,False
전체,has_question,물음표(질문형),54,253,1.4820502567557459,2.0124513618677042,0.7364402861295953,0.2037037037037037,0.33201581027667987,136.57471661278748,81.67197011032886,0.02620216021810041,0.14263035309172672,False
전체,has_quote,따옴표(인용),43,264,1.4122497055359247,1.9411764705882353,0.7275225755791127,0.37209302325581395,0.29924242424242425,222.85437473197996,79.9625496174308,0.5089663989847629,0.8083841159575701,False
전체,hook_beginner,초보/방법(초보·기초·정리),20,287,1.2346079846079847,1.8823529411764706,0.6558854918229919,0.25,0.313588850174216,133.25366437742335,81.67197011032886,0.2919526591332169,0.6256128409997505,False
전체,has_hashtag,해시태그,49,258,1.3330427201394943,2.0419748170733207,0.6528203526280947,0.22448979591836735,0.32558139534883723,23.473452316248185,136.57471661278748,0.08680161298451702,0.21700403246129255,False
전체,has_exclaim,느낌표,42,265,1.2450140401067324,2.0466246487964157,0.6083255377769947,0.16666666666666666,0.3320754716981132,58.963458449510874,87.56202376003819,0.028526070618345344,0.14263035309172672,False
