video_id,comment,likes,published_at,replies,is_question
7FrJ3wuJDaY,엄청 사연있는것처럼 연출하지만 결국 빚내서한 도박,7319,2026-08-03T05:59:02Z,242,False
7FrJ3wuJDaY,"무슨 이유이든 상관없이 빚내서 투자하는거 아니다
본인 책임이니 인생 쓴 맛 봤다 생각하고 열심히 갚아내길",5257,2026-08-02T17:06:39Z,183,False
7FrJ3wuJDaY,불쌍하게 볼필요없고 욕할필요도 없다 자기선택이니,2977,2026-08-03T05:58:48Z,37,False
7FrJ3wuJDaY,3년동안 재탕 했으면 그만 할떄도 됐잖아?ㅋㅋㅋㅋㅋ,2917,2026-08-02T15:37:10Z,46,True
7FrJ3wuJDaY,주식을 한게 아니라 도박을 했는데 당연한결과다.,1718,2026-08-03T07:47:12Z,22,False
7FrJ3wuJDaY,"투자는 선택임
잃었다고 국가가 나서 도와주면 안 됨",1489,2026-08-04T08:19:42Z,29,False
7FrJ3wuJDaY,"이런영상은 재탕을하던,
100탕을 하던 계속 올라와야합니다
계속 보고 빚투의 경각심을 가져야합니다",1448,2026-08-02T22:43:10Z,19,False
7FrJ3wuJDaY,주식하는 거 자체는 문제가 아니지. 솔직히 말하면 도박처럼 하니까 망하는 거다.,1388,2026-08-03T02:25:22Z,178,False
7FrJ3wuJDaY,사람은 다 욕심 때문에 망한다. 그저 만족하고 감사하며 살아야 돼,933,2026-08-03T03:35:17Z,7,False
7FrJ3wuJDaY,인생을 한방에 몰빵하는 자체가 도박이다  ㅠㅠ,908,2026-08-02T22:11:24Z,16,False
7FrJ3wuJDaY,"저 사람들이 한걸  투자라 하지 마라 
투기 도박 이게 맞는 표현이다",759,2026-08-03T12:53:10Z,24,False
7FrJ3wuJDaY,"빚투,영끌하는 애들은 투자라기보다 대부분 투기에 가깝다.",652,2026-08-03T15:54:05Z,16,False
7FrJ3wuJDaY,돈 벌면 수익은 100% 자기 잘했다고 가져가고. 돈 잃으면 탕감해달라하는 게 말이 안되는 것 같다.,585,2026-08-07T05:30:56Z,10,False
7FrJ3wuJDaY,"제발 빚투, 영끌족들 세금으로 구제해주지좀마라",542,2026-08-09T12:50:20Z,14,False
7FrJ3wuJDaY,세상에 공짜 없고 싸고 좋은 거 없으며 돈벌게 해준다는 건 전부 거짓말이다,358,2026-08-04T07:51:47Z,8,False
7FrJ3wuJDaY,빚내서 투자하는 건 도박이다  !,331,2026-08-04T11:20:41Z,5,False
7FrJ3wuJDaY,빚투는 이미 투기입니다. 투자는 노후를 위해 여유자금으로 조금씩 모으는 겁니다. 투자는 개인의 선택이므로 책임도 따르는겁니다.,287,2026-08-02T15:38:15Z,4,False
7FrJ3wuJDaY,"그냥 도박에 빠진거임, 한번 튀어 올랐을 때의 도파민중독에서 못 벗어남",273,2026-08-03T08:29:19Z,2,False
7FrJ3wuJDaY,한탕  노린 대가가 뼈아프네.. 딴 사람들은 폭염에서 일하면서 저축하는데,269,2026-08-03T01:08:02Z,3,False
7FrJ3wuJDaY,세금으로 절대 뭐 할 생각하지 마라. 안타까워할 필요도 없는 도박을 한 사람들이다.,250,2026-08-03T09:31:54Z,6,False
7FrJ3wuJDaY,"선택도 본인 
결과도 본인이 
실패도 본인이 감당해야함",237,2026-08-03T02:33:37Z,0,False
7FrJ3wuJDaY,누가 대출 받아서 주식하라고 누칼협?,228,2026-08-11T17:13:49Z,2,True
7FrJ3wuJDaY,돈 무서운줄 아는 세상이 정상인거지,217,2026-08-03T04:15:50Z,0,False
7FrJ3wuJDaY,빚내서 투자하는 것 만큼 어리석은 투자는 없다,199,2026-08-03T01:32:27Z,5,False
7FrJ3wuJDaY,헉..거래정지라면... 밧데리 아저씨 금양이네요..ㅜㅜ,161,2026-08-02T23:34:16Z,2,False
7FrJ3wuJDaY,"대박이 있으면 쪽박이 있는거
대박과 쪽박은 항상 공존한다",147,2026-08-04T23:21:20Z,3,False
7FrJ3wuJDaY,자업자득.. 책임은 본인몫,123,2026-08-03T03:22:26Z,0,False
7FrJ3wuJDaY,투자는 본인판단 본인책임,109,2026-08-05T07:19:27Z,4,False
7FrJ3wuJDaY,"참나~~~아직도 정신 못차렸구나..
저거 못끊어요.. 중독이야 중독",103,2026-08-02T21:44:02Z,0,False
7FrJ3wuJDaY,손실도 경험이다 이겨내야되는거고..  다만 정부가 나서서 직업도 없는 20대들 대출 못하게 막아야 실패경험을 무난히 넘길수있다,100,2026-08-02T17:44:58Z,0,False
7FrJ3wuJDaY,주식에 눈길이 가는 나에겐 참고서같은 영상 ㅎㄷㄷ,97,2026-08-02T17:31:18Z,5,False
7FrJ3wuJDaY,주식 때문에 무너진게 아니라 주식 자체를 잘못이해하고 돈을 벌 그릇이 안된거임. 먼 지들이 부족한걸 주식탓으로 돌림.,97,2026-08-03T02:30:39Z,7,False
7FrJ3wuJDaY,적립식으로 장기투자할 수 있는 환경을 조성해야지. 빚내서 투자하면 절대 안됩니다.  요즘 레버리지etf는 정말 투기판으로 만드는 꼴... 에휴~,94,2026-08-02T15:43:48Z,7,False
7FrJ3wuJDaY,폭락장마다 재탕 틀어주면서 개꿀빠네 ㅋㅋㅋ,92,2026-08-02T18:43:55Z,0,False
7FrJ3wuJDaY,공부하고 해도 어려운게 주식입니다 겸손과 함께 시간을 녹이면서 하셔요,83,2026-08-02T22:59:11Z,1,False
7FrJ3wuJDaY,"빚 우습게 알다
골로 간다",81,2026-08-02T16:48:20Z,0,False
7FrJ3wuJDaY,본인 인생 본인이 결정했으니 끝까지 본인이 책임지기를.,75,2026-08-03T06:43:03Z,0,False
7FrJ3wuJDaY,"주식이 도박이라
빠져나오기힘들어  안하는기답이다",74,2026-08-02T19:28:22Z,0,False
7FrJ3wuJDaY,사연은 딱하지만 투자는 본인 선택이다,66,2026-08-03T08:28:48Z,0,False
7FrJ3wuJDaY,적당한 투자가 투자지 빚내서 하는건 도박이지 정부에서 탕감 해주면 빚투 안한 사람 바보 만드는 것,65,2026-08-02T21:57:09Z,0,False
7FrJ3wuJDaY,대단하다 대출로..... 주식을 나도 하고 있지만 그냥 없어도 되는 돈으로 해라..,64,2026-08-03T18:36:36Z,2,False
7FrJ3wuJDaY,"정신차리길... 
빚투라니...",63,2026-08-05T08:04:14Z,0,False
7FrJ3wuJDaY,주식이라는 그럴싸한 단어를 쓰지만  재들은 도박쟁이임,63,2026-08-03T07:46:48Z,0,False
7FrJ3wuJDaY,"금융교육을 해야하고
주식계좌 만들기전에 빚으로 투자는 도박임을 반드시 인식시키자..
그리고 강원랜드처럼 도박꾼들이 연속적으로 도박 못하는 장치도 필요함.",62,2026-08-07T04:49:53Z,1,False
7FrJ3wuJDaY,투자는 시드를 잃어도 생활에 아무지장없는정도로만 해야되고 빚내서 투자하는건 미친짓이고 도박이지,62,2026-08-03T05:51:45Z,0,False
7FrJ3wuJDaY,땀흘려 버는 돈의 가치를 알려줘라. 이들에게 세금을 낭비하지 말아라. 자신의 도박에 스스로 책임을 져야한다. 그것도 못배우면 정말 죽이는거다.,59,2026-08-02T17:04:50Z,1,False
7FrJ3wuJDaY,"KBS <추적60분>에서 ‘취업 N수’ 사례자를 찾습니다.

- 같은 기업에 수차례 지원하신 분
- 경력이 있음에도 신입으로 지원하신 분
- 졸업 후 수년째 취업을 준비하고 계신 분
- 이밖에 ‘취업 N수’에 관한 경험을 나눠주실 분들의 제보를 기다립니다. 

제보: 010-9373-6548, <KBS 추적60분> 카카오톡 채널",55,2026-08-10T06:44:43Z,1,False
7FrJ3wuJDaY,투자를 가장한 투기 도박이다,54,2026-08-03T07:55:27Z,0,False
7FrJ3wuJDaY,금융교육도 필요하지만 더 시급한 것은 도덕 인성교육이 아닐까요?,53,2026-08-03T04:55:45Z,0,True
7FrJ3wuJDaY,"왜 투자하면 다들 이득일거라고만생각하지.... 
잃을건생각안하는것도 지능이다",52,2026-08-11T07:10:57Z,0,True
7FrJ3wuJDaY,첫방부터 대출받아서 주식투자? 하이고야...............,51,2026-08-02T15:12:36Z,1,True
7FrJ3wuJDaY,"2차전지에 K사, 주가 그래프보면 누가봐도 금양인데 지금은 상폐엔딩 어이구...",41,2026-08-20T09:33:59Z,1,False
7FrJ3wuJDaY,본인책임이다 제밬❤,40,2026-08-02T20:38:54Z,0,False
7FrJ3wuJDaY,무엇보다 젊은이들은 저런것보단 우선 열심히 일하면 돈벌수있는 환경을 만들어줘야한다.  한탕주의에 안빠지도록,39,2026-08-03T01:10:33Z,1,True
7FrJ3wuJDaY,투자는 결과는  그 누구의 잘못이 아니라 본인에게 있습니;다.,35,2026-08-03T18:53:31Z,0,False
7FrJ3wuJDaY,투기와 투자는 완전히 다른 뜻이다,30,2026-08-05T08:38:58Z,0,False
7FrJ3wuJDaY,이런 영상을 보며 오늘도 제 인생에 감사하며 힘을 냅니다ㅋ,29,2026-08-07T13:15:45Z,0,False
7FrJ3wuJDaY,"투자는.. 여윳돈으로 하고 빚은 빚을 낳을 뿐입니다ㅠ
24년.. 영상이면 지금 까지 안팔았으면 벌었겠네",27,2026-08-04T00:10:33Z,3,False
7FrJ3wuJDaY,투기판이된 주식시장과 일할곳이 줄고 고학력자가 많고 ᆢ사회적변화에 적응해나가야할듯ᆢ살아가야할 현실이 씁쓸합니다,23,2026-08-03T10:29:42Z,0,False
7FrJ3wuJDaY,아무리 처지가 딱해도 주식투자는 누가 강요한것도 아니고 100%본인책임,22,2026-08-02T22:51:41Z,1,False
7FrJ3wuJDaY,주식은 처음에 투자로하다가 좀벌면 투기로빠져뻐림...   인간이에게 절제 안됨,21,2026-08-03T04:54:32Z,1,False
7FrJ3wuJDaY,주식 투자라 하면서 한방 인생역전 드가자하는이거는 투자가 아닌 도박이라고 한다,19,2026-08-10T06:43:15Z,0,False
7FrJ3wuJDaY,합법적 도박 😊,17,2026-08-08T09:31:21Z,0,False
7FrJ3wuJDaY,"주식은 여유잊는 자금으로 나눠서 투자해야지요 .빗에
서 해어날수없지요",16,2026-08-02T19:52:36Z,2,False
7FrJ3wuJDaY,본인들 전부를 배팅하는데 일은 열심히 할생각들하면서 투자하는건 공부들을 안함😢😢,13,2026-08-03T02:54:11Z,0,False
7FrJ3wuJDaY,욕심에서 다 벌어진  일입니다.절대 빚으로 주식하면 망합니다.,13,2026-08-21T02:30:40Z,1,False
7FrJ3wuJDaY,투자 책임은 본인에게 있습니다. 남 탓할 생각하지 마세요,10,2026-08-04T01:05:21Z,0,False
7FrJ3wuJDaY,처음에 나온 청년은 배달 하는데 130벌고 대학나와서 3군데 직장 1년도 못다닌 사람이면 일 자체를 하기 싫어하는 요행만 바라는 사람임,9,2026-08-17T11:55:26Z,0,False
7FrJ3wuJDaY,본인이 선택해서 했으니  본인이 알아서 잘해야지,9,2026-08-23T06:16:05Z,0,False
7FrJ3wuJDaY,남의 돈 무서운거 알아야지ㅠ  절대 빚투는 망하는 지름길이다,9,2026-08-03T09:32:34Z,0,False
7FrJ3wuJDaY,"26:26 킬링 포인트 ""삼성전자 현대차였다면...""",9,2026-08-05T12:48:43Z,0,False
7FrJ3wuJDaY,근데 저런 도박쟁이들이 손실보고 떨어져야 우리 같은 투자자가 범ㅋ,8,2026-08-03T07:51:21Z,0,False
7FrJ3wuJDaY,대형주 고점대비 -60% 떨어지면 그때부터 1%씩 매수 평균가대비 떨어져있으면 또1%씩 매수 계속 이렇게 하다보면 평균가가 저점찍고 순환매 돌아오면 고점과 저점 중간값이 온다 그때 팔면 된다,8,2026-08-02T18:00:00Z,0,False
7FrJ3wuJDaY,월세가 10인데 카드값이 80? 아직도 정신못차렸구만,8,2026-08-03T03:22:32Z,0,True
7FrJ3wuJDaY,돈나올곳 없어야 끈난다.,7,2026-08-06T12:03:04Z,0,False
7FrJ3wuJDaY,"레버리지 청산
사이다",7,2026-08-03T04:37:32Z,0,False
7FrJ3wuJDaY,본인들은 투자라고 하지만 투자가 아니다 투기다,7,2026-08-11T03:19:52Z,0,False
7FrJ3wuJDaY,너무 훈훈하다 ㅎㅎㅎㅎ,6,2026-08-03T08:48:44Z,0,False
7FrJ3wuJDaY,교훈을주는 다큐네요,6,2026-08-04T22:35:29Z,0,False
7FrJ3wuJDaY,"힘내세요 
절대 빛투 하지마시고~~~~",6,2026-08-07T01:26:16Z,0,False
7FrJ3wuJDaY,열심히 하세요~! 화이팅입니다.,5,2026-08-04T02:59:20Z,0,False
7FrJ3wuJDaY,"빚투는 패가망신의 지름길인데,
그것도 도박처럼 끊지를 못하게 됨.
무조건 중단만이 살길임.",4,2026-08-16T14:07:43Z,0,False
7FrJ3wuJDaY,모두다 욕심이다  욕심은 사망을 부른다.,3,2026-09-15T07:31:06Z,0,False
7FrJ3wuJDaY,"빈곤층은
절대적
부자가 못된다😂😂😂😂😂😂😂😂",3,2026-08-23T01:27:32Z,0,False
7FrJ3wuJDaY,쉽게 버는건 당연하게 생각하면서 쉽게잃는건 왜 용납을 못해ㅋㅋㅋ,3,2026-09-08T14:27:59Z,0,True
7FrJ3wuJDaY,안타깝습니다 대한민국 모든분들이 행복하시길 기도 합니다,2,2026-08-30T15:04:25Z,0,False
7FrJ3wuJDaY,생각만 해도 속이 꽉 막히네..,2,2026-08-19T22:52:25Z,0,False
7FrJ3wuJDaY,"본인의 선택임
국가에서 왜 도와줘야하냐
사람 못 고친다
또 해",2,2026-10-06T04:19:46Z,0,True
7FrJ3wuJDaY,"먹고 싶은 것도 아끼고, 옷도 아끼고, 여행가는 것도 아끼고,
자신에게 모든 것을 아껴서 주식의 누군가에게 돈을 퍼주고 있는 현실이란....
제로섬게임이라, 누군가는 이득보는게 주식판이거늘....",2,2026-08-11T15:09:30Z,0,False
7FrJ3wuJDaY,남에돈을 웃읍게보지 말라 노력해서 벌어야 한다 외상은 소도 잡아먹는다,2,2026-08-11T09:36:39Z,0,False
7FrJ3wuJDaY,"본인 성향을 잘 알아야 해요.. 전 몰빵하는 성향을 잘 알아 절대 주식 도박을 하지 않아요
재미삼아 장난이라도 돈 되는 게임장에 가지도 하지도 말아야 합니다",2,2026-09-25T03:21:50Z,0,False
7FrJ3wuJDaY,"정신이 불건전한 가치관이 빈약한 서글픈 인생들, 일고의 가치를 못 느낌.",2,2026-09-26T01:25:17Z,0,False
7FrJ3wuJDaY,조급하면 털린다는것을 젊은이들은 알아야한다 ㆍ한탕은없다ㆍ 주식은 기다림의댓가다,2,2026-09-25T02:58:05Z,0,False
7FrJ3wuJDaY,자기 선택이지 누가 강요하나? 대출받아 주식투자해서 돈 벌었으면 누군가에게 자랑했겠지. 애들도 아니고 자기가 책임저야할 일일뿐,2,2026-09-08T02:49:37Z,0,True
7FrJ3wuJDaY,제발 정신차려라. 세상에 공짜는 없다.,2,2026-08-11T13:57:18Z,0,False
7FrJ3wuJDaY,🤦‍♂️가져온 돈은 모두 수업료 !😤,1,2026-08-15T17:52:36Z,0,False
7FrJ3wuJDaY,"취업이 어려우니 건실하게 돈을 벌 수 없고, 벌어도 집은 못 사니 주식 코인이라도 해서 해결하려는 이 병든 사회가 슬프다",1,2026-09-19T07:50:15Z,0,False
7FrJ3wuJDaY,욕심이 화를부른다,1,2026-09-18T07:55:54Z,0,False
7FrJ3wuJDaY,정말 유익한 주식 투자 유의 영상이다.,0,2026-08-19T07:23:01Z,0,False
7FrJ3wuJDaY,제일망하는 지름길은 대출도 공부안하는것도 맞지만 욕심이 젤크다!,0,2026-08-16T01:00:52Z,0,False
